id,name,host_id,host_name,neighbourhood_group,neighbourhood,latitude,longitude,room_type,price,minimum_nights,number_of_reviews,last_review,reviews_per_month,calculated_host_listings_count,availability_365,review_val,rating,text_review
22958516,Center of it all Bushwick apartment,170095185,Aaron,Brooklyn,Bushwick,40.70733,-73.92028,Private room,29,2,3,2/21/2018,0.17,1,0,4.5,1.5,
22928463,Great apartment in Bushwick available in Feb,35510045,Aaron,Brooklyn,Bushwick,40.705,-73.91933,Private room,27,14,1,,,1,0,1,1,
30377021,Shared Room 4 FEMALE Guests 30mins to Manhattan-2,172369331,Abby,Brooklyn,Sheepshead Bay,40.5981,-73.9584,Shared room,25,7,2,6/1/2019,1.15,10,290,3,1.5,
33429492,FEMALE SHARED ROOM 3 Single Beds Near Subway-1,172369331,Abby,Brooklyn,Coney Island,40.57776,-73.98313,Shared room,25,3,2,6/11/2019,1.05,10,0,3,1.5,
34601569,Shared Room 4 FEMALE Guests 30mins to Manhattan-1,172369331,Abby,Brooklyn,Sheepshead Bay,40.59842,-73.95667,Shared room,20,2,1,6/1/2019,0.77,10,342,1.5,1.5,
34413482,1 Bed in the Living Room Shared Stay for Male,172369331,Abby,Brooklyn,Coney Island,40.57607,-73.9833,Shared room,25,5,1,5/31/2019,0.75,10,129,1.5,1.5,
30548591,FEMALE SHARED ROOM3 Single Beds Near Subway-3,172369331,Abby,Brooklyn,Coney Island,40.57863,-73.98455,Shared room,29,18,1,2/15/2019,0.21,10,221,1.5,1.5,
34647648,Shared Apartment 1 bed in the living room Qsubway,172369331,Abby,Brooklyn,Sheepshead Bay,40.59932,-73.95936,Shared room,20,7,1,,,10,281,1,1,
20639792,Contemporary bedroom in brownstone with nice view,86327101,Adeyemi,Brooklyn,Bedford-Stuyvesant,40.68279,-73.9117,Private room,50,1,95,6/21/2019,4.37,6,232,351.5,3.7,
20639914,Cozy yet spacious private brownstone bedroom,86327101,Adeyemi,Brooklyn,Bedford-Stuyvesant,40.68258,-73.91284,Private room,50,1,95,6/23/2019,4.35,6,222,351.5,3.7,
20639628,Spacious comfortable master bedroom with nice view,86327101,Adeyemi,Brooklyn,Bedford-Stuyvesant,40.68173,-73.91342,Private room,50,1,93,6/15/2019,4.28,6,176,344.1,3.7,
13859196,Cozy Room In the Heart of Astoria,28003040,Adrian,Queens,Astoria,40.76249,-73.91176,Private room,30,2,56,10/1/2017,1.57,1,0,207.2,3.7,
22638442,A Brief Welcome,22445332,Adrian,Brooklyn,Crown Heights,40.67157,-73.93434,Private room,25,1,1,1/17/2018,0.06,1,0,1.5,1.5,
29414633,private room,221574115,Ahmet,Brooklyn,Bensonhurst,40.61208,-74.00181,Shared room,15,10,1,,,2,0,1,1,
34180340,Sunny & Spacious Room,181233778,Aishah,Bronx,Belmont,40.85595,-73.88519,Private room,27,30,1,,,1,68,1,1,
23253216,Artsy Queen Room in BUSHWICK: Jefferson L train,9484908,Aj,Queens,Ridgewood,40.70991,-73.91832,Private room,30,3,13,6/19/2019,0.84,2,65,19.5,1.5,
16465524,Shared Room in Brooklyn,40871485,Ajay,Brooklyn,Bay Ridge,40.63821,-74.0273,Shared room,22,5,1,1/14/2017,0.03,1,0,1.5,1.5,
31194144,Brooklyn apt 10 mins to Manhattan by subway,129022496,Alan,Brooklyn,Bedford-Stuyvesant,40.67872,-73.94805,Private room,20,10,8,7/1/2019,1.4,2,38,12,1.5,
31181911,Brooklyn apt 10 minutes to Manhattan by subway,129022496,Alan,Brooklyn,Bedford-Stuyvesant,40.68093,-73.94922,Private room,20,10,3,5/8/2019,0.57,2,17,4.5,1.5,
11959854,Affordable Private Cozy Room!,45990565,Alba & Genesis,Bronx,Morris Heights,40.8522,-73.91014,Private room,26,3,21,6/8/2019,0.64,2,127,52.5,2.5,
25776914,BROOKLYN Quiet Den,12219437,Alex,Brooklyn,Canarsie,40.64795,-73.89337,Private room,25,2,36,6/16/2019,2.76,1,144,90,2.5,
8993857,Comfy place to stay in Brooklyn / Flatbush / 4,27974952,Alex,Brooklyn,East Flatbush,40.64601,-73.94886,Shared room,25,30,8,7/1/2017,0.18,7,343,12,1.5,
9077858,Beautiful shared apartment / Coliving in Brooklyn,27974952,Alex,Brooklyn,East Flatbush,40.64509,-73.94825,Shared room,27,30,7,3/20/2019,0.16,7,342,10.5,1.5,
9369514,STARTUP CHEAP PLACE BROOKLYN,27974952,Alex,Brooklyn,East Flatbush,40.64603,-73.94869,Shared room,25,30,5,5/8/2018,0.12,7,365,7.5,1.5,
22279575,Comfort convenience elegance near Prospect Park,96379938,Alexander,Brooklyn,East Flatbush,40.65381,-73.94819,Private room,30,2,48,1/3/2019,2.58,2,0,177.6,3.7,
33002617,Room for 2  Per diem $50 rental up to 30 days max,248385708,Alexander,Brooklyn,Sheepshead Bay,40.60331,-73.95082,Private room,21,1,2,5/26/2019,1.02,1,90,3,1.5,
22366842,Fully equipped room that's 3 mins from L train!,10994664,Alexander,Brooklyn,Bushwick,40.69208,-73.90452,Shared room,29,30,1,12/11/2018,0.14,8,334,1.5,1.5,
9697749,Private bedroom in BedStuy!,43380791,Ali,Brooklyn,Bedford-Stuyvesant,40.68762,-73.92318,Private room,28,10,1,1/6/2016,0.02,1,0,1.5,1.5,
8402207,BEDROOM PRIVATE COMFY NEAR 6 TRAIN NO CURFEW,44260966,Alicia,Bronx,Soundview,40.82939,-73.86514,Private room,28,2,98,6/21/2019,2.12,3,108,362.6,3.7,
23071191,Simple and clean WaHi living room!,92192182,Alyssa,Manhattan,Washington Heights,40.84697,-73.93776,Shared room,29,1,13,6/18/2018,0.75,2,0,19.5,1.5,
9838920,1 bedroom in Morningside Apartment,12745771,Amanda,Manhattan,Washington Heights,40.85509,-73.93236,Private room,28,1,1,12/31/2015,0.02,1,0,1.5,1.5,
19593009,Simple Cost-friendly Private Room FEMALES ONLY,125653581,Amanda,Bronx,Norwood,40.8774,-73.87537,Private room,29,2,1,7/16/2017,0.04,1,0,1.5,1.5,
26430901,Hustler's Paradise 003 Private Room Lower Level,104927746,Amardeep,Staten Island,Concord,40.59691,-74.087,Private room,30,4,26,6/25/2019,2.14,7,359,65,2.5,
33638326,Hustler's Paradise 2 (Semi Private),104927746,Amardeep,Staten Island,Concord,40.597,-74.08778,Shared room,29,1,1,,,7,2,1,1,
7111050,Cozy Couch In Great Space Perfect For Backpackers,34546849,Amber,Brooklyn,Bedford-Stuyvesant,40.68828,-73.92989,Shared room,29,2,102,7/1/2019,2.11,3,288,438.6,4.3,
18835820,Quiet Cozy UES Studio Near the Subway,52777892,Amy,Manhattan,Upper East Side,40.76844,-73.95341,Entire home/apt,10,3,10,10/22/2018,0.39,1,0,15,1.5,
26994354,Nice bunk spot in heart if Brooklyn,201015598,Anchor,Brooklyn,Bedford-Stuyvesant,40.69206,-73.94072,Shared room,30,1,45,6/17/2019,3.99,17,84,166.5,3.7,
26753081,Trendy Nabe Bunk for travelers,201015598,Anchor,Brooklyn,Bedford-Stuyvesant,40.69124,-73.93911,Shared room,21,1,35,6/20/2019,2.92,17,78,87.5,2.5,
26734288,Super cool shared apartment,201015598,Anchor,Brooklyn,Bedford-Stuyvesant,40.69099,-73.94094,Shared room,30,2,32,6/23/2019,2.66,17,85,80,2.5,
26994076,Brooklyn Magic Bunk Share,201015598,Anchor,Brooklyn,Bedford-Stuyvesant,40.69052,-73.94149,Shared room,30,1,32,6/21/2019,2.74,17,83,80,2.5,
29541280,One block from subway: bed for traveler,201015598,Anchor,Brooklyn,Bedford-Stuyvesant,40.67745,-73.90958,Shared room,24,1,14,6/16/2019,1.65,17,89,21,1.5,
30002830,Bunk bed spot one block from subway,201015598,Anchor,Brooklyn,Bedford-Stuyvesant,40.67916,-73.9114,Shared room,24,1,11,6/17/2019,1.49,17,85,16.5,1.5,
32777705,Good Brooklyn shared apartment close to train,201015598,Anchor,Brooklyn,Bedford-Stuyvesant,40.67668,-73.91243,Shared room,28,1,5,6/8/2019,1.5,17,89,7.5,1.5,
31101775,Apartment share close to train station,201015598,Anchor,Brooklyn,Bedford-Stuyvesant,40.67862,-73.91233,Shared room,27,1,4,6/10/2019,0.63,17,89,6,1.5,
28096650,Small Bedroom in Beautiful Duplex,212232139,Andrea,Brooklyn,Bedford-Stuyvesant,40.67812,-73.9168,Private room,30,3,7,6/27/2019,0.68,1,2,10.5,1.5,
34089853,Quaint And Cozy Stop Over,242296495,Angela,Brooklyn,East Flatbush,40.64979,-73.93299,Private room,28,1,13,7/7/2019,5.49,3,49,19.5,1.5,
20333471,a Hostel Style Room Ideal Traveling Buddies,131697576,Anisha,Bronx,East Morrisania,40.83296,-73.88668,Private room,50,2,55,6/24/2019,2.56,4,127,203.5,3.7,
13058496,Sunny Private Room in Brooklyn,72315258,Anna,Brooklyn,Crown Heights,40.67619,-73.93866,Private room,28,1,1,,,1,0,1,1,
11684682,Bright sunny room in NYC!,116382,Anthony,Brooklyn,Crown Heights,40.67031,-73.94088,Private room,29,2,142,5/19/2019,3.54,5,0,610.6,4.3,
1767037,Small Cozy Room Wifi & AC near JFK,9284163,Antonio,Queens,Woodhaven,40.68968,-73.85219,Private room,29,2,386,6/19/2019,5.53,3,50,1659.8,4.3,
14378948,Small Room big bed close to train brooklyn,2373229,Antonio,Brooklyn,Bedford-Stuyvesant,40.69981,-73.94111,Private room,29,1,63,6/5/2019,1.78,2,18,233.1,3.7,
31691209,All set for guys dont miss out,51596474,Antony,Brooklyn,Gravesend,40.58453,-73.97172,Shared room,20,5,5,4/29/2019,1.01,12,0,7.5,1.5,
31930706,Beautiful apartment in Gravesend(Girls share room),51596474,Antony,Brooklyn,Gravesend,40.58737,-73.96882,Shared room,20,7,2,4/21/2019,0.56,12,0,3,1.5,
33618303,The Pineapple tree (Girls shared room only),51596474,Antony,Brooklyn,Gravesend,40.58649,-73.97339,Shared room,24,11,2,5/2/2019,0.74,12,0,3,1.5,
32616111,Big  room!!! (only for GUYS),51596474,Antony,Brooklyn,Gravesend,40.58539,-73.96984,Shared room,28,9,2,4/16/2019,0.55,12,0,3,1.5,
34228341,A.Hamilton(for GUYS only),51596474,Antony,Brooklyn,Bay Ridge,40.62638,-74.01837,Shared room,18,9,1,6/15/2019,1,12,0,1.5,1.5,
33666119,Alexander Hamilton( For Guys ONLY),51596474,Antony,Brooklyn,Bay Ridge,40.62329,-74.02136,Shared room,24,10,1,6/20/2019,1,12,0,1.5,1.5,
34228857,B Hamilton( For GUYS ONLY),51596474,Antony,Brooklyn,Bay Ridge,40.62703,-74.01952,Shared room,22,5,1,,,12,0,1,1,
32942981,Welcome in the Sam Suite (only for GUYS),51596474,Antony,Brooklyn,Gravesend,40.58462,-73.97155,Shared room,25,10,1,,,12,0,1,1,
32935986,Uniware( only for GUYS),51596474,Antony,Brooklyn,Gravesend,40.58527,-73.96871,Shared room,28,10,1,,,12,0,1,1,
17794915,Modest West Harlem Room Nearby Columbia University,121585653,Ari,Manhattan,Harlem,40.81733,-73.95413,Private room,25,1,1,,,1,0,1,1,
34422726,Home away from home,234422924,Arlene,Bronx,City Island,40.8439,-73.78792,Private room,29,1,2,6/16/2019,1.43,1,18,3,1.5,
28071998,Cozy room in a three-bedroom House,47516406,Arthur,Queens,Woodhaven,40.69139,-73.86086,Private room,10,7,4,10/8/2018,0.41,2,180,6,1.5,
13952801,Greenpoint Artist Loft,25938509,Ashley,Brooklyn,Greenpoint,40.72675,-73.94219,Private room,25,7,2,12/6/2016,0.06,1,0,3,1.5,
30448678,Bed in a shared male room2,224074972,Askhat,Brooklyn,Bedford-Stuyvesant,40.694,-73.94355,Shared room,30,2,18,7/7/2019,2.57,4,192,27,1.5,
30425766,Bed in a shared male room,224074972,Askhat,Brooklyn,Bedford-Stuyvesant,40.69218,-73.9439,Shared room,30,2,14,5/20/2019,1.92,4,224,21,1.5,
36022650,Charming entire apartment in Hell's Kitchen,2967377,Aude,Manhattan,Hell's Kitchen,40.76279,-73.99463,Entire home/apt,15,2,1,,,1,139,1,1,
20714517,Brooklyn Palace,139623237,Audra,Brooklyn,Flatlands,40.61802,-73.92866,Private room,30,2,13,5/31/2019,0.59,1,292,19.5,1.5,
17367175,PRIVATE ROOM - Sunny and Spacious - Brooklyn Loft,4120523,Aurelien,Brooklyn,Williamsburg,40.70616,-73.92918,Private room,29,2,58,2/11/2019,2.02,2,0,214.6,3.7,
16275030,Beautiful Bed-Stuy Room,106442885,Ava,Brooklyn,Bedford-Stuyvesant,40.68865,-73.93684,Private room,29,1,139,6/24/2019,4.43,2,2,597.7,4.3,
20624541,Modern apartment in the heart of Williamsburg,10132166,Aymeric,Brooklyn,Williamsburg,40.70838,-73.94645,Entire home/apt,50,5,3,1/2/2018,0.15,1,73,4.5,1.5,
34259050,One little beautiful room in an 3bedroom apartment,258671946,Basil Walker,Bronx,Longwood,40.82654,-73.90516,Private room,27,2,7,6/16/2019,3.5,1,60,10.5,1.5,
30063759,Cozy Manhattan Hideaway,14859699,Beau Augusto,Manhattan,Washington Heights,40.83649,-73.94383,Private room,29,134,1,,,1,0,1,1,
17045913,Live Like a Local In GREENPOINT,40134417,Ben And Jane,Brooklyn,Greenpoint,40.73076,-73.95575,Entire home/apt,20,4,17,3/20/2018,0.58,1,0,25.5,1.5,
9768765,Room in quiet Brooklyn home,50369736,Benjamin,Brooklyn,Kensington,40.64637,-73.97863,Private room,24,18,1,1/29/2016,0.02,1,0,1.5,1.5,
16976267,Large Room in Queens,113558700,Berat,Queens,Rego Park,40.72804,-73.86147,Private room,30,1,74,6/9/2019,2.53,3,358,273.8,3.7,
17430853,Small room in Queens,113558700,Berat,Queens,Rego Park,40.72749,-73.86035,Private room,30,1,61,6/8/2019,2.17,3,361,225.7,3.7,
17029902,Midsize room in Queens.,113558700,Berat,Queens,Rego Park,40.72727,-73.86223,Private room,30,1,59,5/19/2019,2.01,3,89,218.3,3.7,
3359315,Sublet near Columbia University,16948705,Berhani,Manhattan,Harlem,40.81742,-73.95358,Private room,22,10,3,8/8/2015,0.05,1,0,4.5,1.5,
16276294,Rental in a Uptown Cozy Apartment,32625342,Bianca,Bronx,Kingsbridge,40.88467,-73.90575,Private room,30,4,11,5/15/2019,0.35,2,0,16.5,1.5,
32222756,Cozy Room in Townhouse Apartment,32625342,Bianca,Bronx,Kingsbridge,40.88316,-73.90586,Private room,30,4,8,4/30/2019,1.76,2,0,12,1.5,
32342541,Room Nearby train station to Times Square NYC,242831353,Blanca,Queens,Long Island City,40.75204,-73.9226,Private room,30,3,14,6/29/2019,3.41,1,77,21,1.5,
296844,HISTORIC WILLIAMSBURG BKLYN #1,839679,Brady,Brooklyn,Williamsburg,40.71653,-73.95554,Private room,30,3,24,12/4/2013,0.28,3,0,60,2.5,
23466360,Comfy Brooklyn Studio,111782745,Brian,Brooklyn,Williamsburg,40.70477,-73.93206,Shared room,26,2,8,4/7/2018,0.48,2,0,12,1.5,
22177388,Historic Crown Heights Cute Sunny Bedroom,1834034,Brittney,Brooklyn,Crown Heights,40.67206,-73.93446,Private room,25,4,7,6/4/2018,0.37,1,174,10.5,1.5,
34869203,Sunset House,107234799,ç¿,Brooklyn,Sunset Park,40.64943,-74.01018,Private room,27,15,1,7/1/2019,1,1,0,1.5,1.5,
19476630,Cozy self contained room with twin size bed,42561290,Carla,Brooklyn,East New York,40.66168,-73.86665,Private room,25,1,29,6/11/2019,1.17,4,319,72.5,2.5,
27507663,ExÃ³tico,207396117,Carlos,Queens,Sunnyside,40.74233,-73.9125,Shared room,30,1,30,3/4/2019,2.78,1,157,75,2.5,
29561222,Quite and Comfortable,222559543,Carmen,Brooklyn,East New York,40.6626,-73.87731,Private room,29,1,59,7/5/2019,7.25,2,54,218.3,3.7,
22481840,MODERN & SPACIOUS PAD!5MINS TRAINS,162572530,Carmen,Brooklyn,Bushwick,40.68328,-73.90783,Entire home/apt,28,2,13,6/11/2018,0.72,1,0,19.5,1.5,
16927533,Studio with amazing view,3737986,Carolann,Manhattan,Financial District,40.70588,-74.0159,Entire home/apt,12,300,1,,,1,0,1,1,
28270998,Charming bright and brand new Bed-Stuy home,647528,Caterina,Brooklyn,Bedford-Stuyvesant,40.69508,-73.95164,Entire home/apt,10,3,5,7/2/2019,0.51,1,0,7.5,1.5,
16164399,Lovely 3 Bedrm Apt Perfect for Groups & Families,1538057,Catherine,Brooklyn,Bedford-Stuyvesant,40.69501,-73.93363,Entire home/apt,25,2,50,6/15/2019,1.65,1,6,185,3.7,
35009785,Shared room sofa bed (girls only),197368927,Cebile,Brooklyn,Sheepshead Bay,40.60911,-73.95257,Shared room,20,2,1,,,8,32,1,1,
30310318,Private cozy spacious bedroom Queens NY,144714634,Char,Queens,Flushing,40.73872,-73.82863,Private room,29,1,49,7/7/2019,7.14,1,168,181.3,3.7,
23078172,Affordable & Convenient,43352661,Charles,Manhattan,Washington Heights,40.84502,-73.94078,Shared room,25,1,51,5/26/2019,2.99,3,365,188.7,3.7,
21935569,Tiny (but comfy!) Private room Manhattan,43352661,Charles,Manhattan,Washington Heights,40.84344,-73.93922,Private room,20,1,21,6/20/2019,1.1,3,291,52.5,2.5,
25909160,Simple Private Rm w/ Futon in the Bronx/ Storage,144119993,Charles,Bronx,Fordham,40.85801,-73.88247,Private room,21,1,9,8/5/2018,0.7,2,0,13.5,1.5,
26190785,Minimalistic private room w twin bed in the Bronx,144119993,Charles,Bronx,Belmont,40.85609,-73.88391,Private room,30,1,9,8/2/2018,0.71,2,0,13.5,1.5,
28777497,Gorgeous Cozy Brooklyn apartment suite,99133678,Chelsea,Queens,Ridgewood,40.7092,-73.91246,Private room,25,1,1,,,1,0,1,1,
6743346,Wildlife Loft Living room adventure,5556571,Chris,Brooklyn,Williamsburg,40.70645,-73.9379,Shared room,25,1,25,4/28/2019,0.5,3,358,62.5,2.5,
13726934,East Village Manhattan NYC Sofas!,2208993,Chris,Manhattan,East Village,40.72376,-73.98303,Shared room,30,3,10,5/19/2019,0.27,3,0,15,1.5,
36280646,Cable and wfi L/G included.,272872092,Chris,Queens,Forest Hills,40.73657,-73.85088,Entire home/apt,16,9,1,7/7/2019,1,1,322,1.5,1.5,
14011511,Private Room Beautiful Apartment,15929157,Christina,Brooklyn,East New York,40.67424,-73.88136,Private room,29,30,12,11/1/2018,0.38,3,193,18,1.5,
17738717,Clean Cosy Bedroom w/Desk 10min to JFK & Big Mall,6166708,Christine & Einstein,Queens,Rosedale,40.65252,-73.73425,Private room,22,1,59,5/17/2019,2.1,1,0,218.3,3.7,
27336782,Cute room  45min Manhattan  20 LGA 20 JFK 2Peop,205999048,Clara,Queens,Flushing,40.73717,-73.80847,Private room,30,1,16,6/23/2019,1.46,1,153,24,1.5,
21394087,The Hideaway Upstairs,145242566,Corey,Manhattan,Harlem,40.81807,-73.95487,Private room,30,3,86,6/24/2019,4.32,2,0,318.2,3.7,
21408195,The Manhattanville,145242566,Corey,Manhattan,Harlem,40.81956,-73.95277,Shared room,25,3,61,6/23/2019,2.99,2,7,225.7,3.7,
22530070,Suite 18 - Private Room w/ bath,99296570,Daisy,Brooklyn,Brighton Beach,40.58195,-73.95789,Private room,30,1,70,6/23/2019,3.97,5,193,259,3.7,
27612925,Shared room with bunk beds,208367810,Dan,Brooklyn,Borough Park,40.64047,-73.99687,Shared room,25,3,8,1/2/2019,0.77,4,88,12,1.5,
17433291,Amazing Loft in the heart of Williamsburg,117941939,Daniel,Brooklyn,Williamsburg,40.71269,-73.96409,Private room,20,14,3,4/30/2018,0.11,1,277,4.5,1.5,
16778904,Quiet cozy apartment air-conditioned room,111433024,Danielle,Manhattan,Washington Heights,40.84353,-73.94201,Private room,25,3,34,5/31/2019,1.46,1,139,85,2.5,
21893604,Private Bedroom in West Village/Chelsea,1144452,Dante,Manhattan,Chelsea,40.74045,-74.00047,Private room,12,3,8,6/7/2019,0.59,1,37,12,1.5,
16159444,YOUR IDEAL HOME / 20steps to Subway,27977412,Daria,Brooklyn,East Flatbush,40.64583,-73.9483,Shared room,25,30,10,7/12/2018,0.32,4,332,15,1.5,
30795672,Private Room  non smoking female only near JFK,230396622,Darlena,Brooklyn,Brownsville,40.65872,-73.90951,Private room,29,4,6,6/21/2019,0.94,1,66,9,1.5,
28453441,BP- STYLISH SHARED Room 2ppl 10 MINS TO MANHATTAN,213208277,Darry,Brooklyn,Borough Park,40.64314,-73.99221,Shared room,30,5,7,6/14/2019,1,8,365,10.5,1.5,
22984650,Private room in Queens Village NY Near JFK.,143212135,David,Queens,St. Albans,40.70419,-73.75116,Private room,25,3,60,6/9/2019,3.61,1,350,222,3.7,
16161819,Cozy Room in a 2BR Apartment,83732495,Debbie,Brooklyn,East Flatbush,40.65221,-73.93634,Private room,21,5,4,4/30/2017,0.15,1,0,6,1.5,
22235441,Safe Overnight Crash Pad Near JFK LGA and NYC,72838963,Deborah,Queens,Jamaica,40.68411,-73.79688,Shared room,19,1,26,6/10/2019,1.4,2,138,65,2.5,
18619857,Ms. Dee Comfort Zone,97794385,Debra,Queens,Jamaica,40.68555,-73.79416,Private room,30,1,15,6/28/2019,0.67,2,90,22.5,1.5,
22103438,Dee's Rest Easy,161468583,Dee,Brooklyn,Flatbush,40.64429,-73.95732,Entire home/apt,22,2,35,4/29/2019,1.83,1,312,87.5,2.5,
12885249,Room in Bushwick Bk available June,65459567,Destiny,Brooklyn,Bushwick,40.68651,-73.91185,Private room,26,14,1,,,1,0,1,1,
34844773,PureVia (Girls shared room only),261338177,Diana,Brooklyn,Gravesend,40.59087,-73.97275,Shared room,25,7,1,5/26/2019,0.67,6,313,1.5,1.5,
34844630,Beautiful apartment in Gravesend(Girls share room),261338177,Diana,Brooklyn,Gravesend,40.58941,-73.97116,Shared room,25,7,1,,,6,321,1,1,
34844961,The Pineapple tree (Girls shared room only),261338177,Diana,Brooklyn,Gravesend,40.58972,-73.97172,Shared room,25,7,1,,,6,343,1,1,
36473044,The place you were dreaming for.(only for guys),261338177,Diana,Brooklyn,Gravesend,40.5908,-73.97116,Shared room,25,1,1,,,6,338,1,1,
36473253,Heaven for you(only for guy),261338177,Diana,Brooklyn,Gravesend,40.59118,-73.97119,Shared room,25,7,1,,,6,365,1,1,
32427203,Better Than Hostel semi-private artsy room,226314382,Dina,Brooklyn,Flatbush,40.65292,-73.95677,Shared room,25,1,8,4/7/2019,1.73,1,0,12,1.5,
20917712,1 small room with attatched washrooms,117492425,Dine,Staten Island,St. George,40.64579,-74.08027,Private room,29,4,61,6/24/2019,2.81,6,178,225.7,3.7,
21172187,Large Private Room In Spacious Guest House,152353924,Dominique,Bronx,Parkchester,40.83555,-73.8757,Private room,25,3,38,7/2/2019,1.82,2,119,95,2.5,
21122874,Private Room w/ Queen Bed & Twin Bed,152353924,Dominique,Bronx,Parkchester,40.83408,-73.87419,Private room,28,3,27,7/1/2019,1.32,2,214,67.5,2.5,
11294566,Bright & comfy room in Bed Stuy 3BR,59018284,Dorien,Brooklyn,Bedford-Stuyvesant,40.69062,-73.93497,Private room,28,1,5,4/25/2016,0.12,1,0,7.5,1.5,
30434346,Prime private room  on bedford ave in a 2Bd apt,1395530,Dorit,Brooklyn,Williamsburg,40.71285,-73.96124,Private room,27,20,2,5/27/2019,0.42,1,333,3,1.5,
858695,Very Large Private Room on quiet st,4494343,Douglas,Bronx,Mount Eden,40.84058,-73.91382,Private room,30,2,291,6/20/2019,3.69,1,208,1251.3,4.3,
27833130,Creative Bushwick - Cozy Private Room,210175250,Dr. Jihene,Brooklyn,Bushwick,40.6888,-73.92015,Private room,30,1,18,6/23/2019,3.6,1,93,27,1.5,
18374250,Cozy private bdrm,66961768,Duanne,Brooklyn,Bedford-Stuyvesant,40.69286,-73.93747,Private room,30,1,9,9/19/2017,0.34,1,0,13.5,1.5,
14917765,Kingsbridge Heights The Bronx NY.,24421177,Eduardo,Bronx,Kingsbridge,40.86932,-73.90057,Private room,30,2,56,6/12/2019,1.68,1,38,207.2,3.7,
19650084,Simple private bedroom in house apartment,61308650,Elan,Brooklyn,Cypress Hills,40.68244,-73.89489,Private room,29,1,51,6/1/2019,2.1,1,16,188.7,3.7,
6364324,The Oasis.,33106693,Elena,Manhattan,Harlem,40.82159,-73.95013,Private room,16,2,43,7/1/2019,1.66,3,154,159.1,3.7,
22151067,30 mins from Manhattan Clean room in Queens,161743285,Elena,Queens,Rego Park,40.73266,-73.85447,Shared room,27,60,1,12/23/2017,0.05,1,0,1.5,1.5,
34065823,*female only* cozy room summer sublet,32736976,Elien,Brooklyn,Sunset Park,40.64296,-74.0056,Private room,24,60,1,,,1,71,1,1,
30086614,private room in clean homey apartment,3147746,Elise,Manhattan,Washington Heights,40.8444,-73.93654,Private room,27,29,1,11/20/2018,0.13,1,124,1.5,1.5,
23164537,Shared studio apartment,172186369,Elisheva,Bronx,Morris Heights,40.84718,-73.91378,Shared room,20,1,9,5/21/2018,0.53,1,0,13.5,1.5,
35481361,Prospect Park Hostel- Male Long Term Stay-3,179478172,Elizabeth,Brooklyn,Flatbush,40.65175,-73.96208,Shared room,25,10,1,6/15/2019,1,3,299,1.5,1.5,
35481807,Male Shared room 1 bed in the bedroom long term,179478172,Elizabeth,Brooklyn,Flatbush,40.65022,-73.96281,Shared room,25,4,1,6/26/2019,1,3,334,1.5,1.5,
35481930,Prospect Park Hostel- Male Long Term Stay-1,179478172,Elizabeth,Brooklyn,Flatbush,40.64946,-73.96041,Shared room,25,10,1,,,3,341,1,1,
32890647,Comfy Sofa Bed in Living Room,17827404,Erdi,Queens,Astoria,40.76449,-73.91996,Shared room,30,1,7,6/28/2019,4.12,1,320,10.5,1.5,
16148051,Economy Brooklyn Space for your NYC Adventure!,40146897,Eric,Brooklyn,Crown Heights,40.67368,-73.92165,Private room,29,2,97,6/24/2019,3.07,5,145,358.9,3.7,
30402045,Large private room in 2nd floor apartment.,171673961,Eric,Brooklyn,Bedford-Stuyvesant,40.67896,-73.90892,Private room,25,2,2,1/1/2019,0.3,1,0,3,1.5,
32310733,Crash Space in BK for your NYC Adventure!,40146897,Eric,Brooklyn,Crown Heights,40.67302,-73.92134,Shared room,25,2,1,2/20/2019,0.21,5,29,1.5,1.5,
22483776,THE COOL HOUSE,55197894,Erick,Queens,Woodside,40.74907,-73.90083,Private room,30,5,7,2/12/2019,0.38,1,0,10.5,1.5,
16620607,Spacious and Modern 2 Bedroom Apartment,109725962,Erika,Brooklyn,Bushwick,40.68994,-73.91556,Entire home/apt,11,2,113,6/22/2019,3.86,1,261,485.9,4.3,
23329993,SHARE Cheapest Silent Clean and Safe in New York,172837223,Erin V.,Queens,Sunnyside,40.73307,-73.91995,Shared room,30,1,51,6/16/2019,3.02,3,140,188.7,3.7,
23344008,SHARE;SAFE;CHEAPEST;15 MIN TO HEART OF MANHATTAN.,172837223,Erin V.,Queens,Sunnyside,40.73291,-73.9196,Shared room,30,1,41,6/18/2019,2.48,3,145,151.7,3.7,
23343836,SHARE;CHEAPEST;Pure;Cozy;Safe;Silent IN NEW YORK,172837223,Erin V.,Queens,Sunnyside,40.73272,-73.91826,Shared room,30,1,36,7/1/2019,2.29,3,140,90,2.5,
8583175,Big Bedroom in Manhattan with an Artist,28272799,Este,Manhattan,Harlem,40.82855,-73.94033,Private room,29,3,27,12/19/2018,0.59,1,0,67.5,2.5,
32616616,Cozy apartment in Bed-Stuy near Subway Stations,6895494,Esteban,Brooklyn,Bedford-Stuyvesant,40.67981,-73.90606,Private room,29,3,5,7/5/2019,1.74,1,18,7.5,1.5,
19974905,Esteem's Place,141615596,Esteem,Bronx,Parkchester,40.83805,-73.85867,Shared room,26,1,18,4/23/2019,0.78,2,342,27,1.5,
26639925,Esteem's Place Deux,141615596,Esteem,Bronx,Parkchester,40.83791,-73.85845,Private room,26,1,14,6/13/2019,1.24,2,311,21,1.5,
21623610,Small Guestroom 30 mins to Downtown Manhattan,90658585,Faye,Staten Island,Tompkinsville,40.63333,-74.08389,Private room,30,3,13,6/8/2019,0.7,3,176,19.5,1.5,
26669041,A Cozy Single bed for Female Girls,200479961,Fei,Brooklyn,East New York,40.6757,-73.87657,Shared room,25,2,26,6/4/2019,2.25,1,50,65,2.5,
23484328,BEAUTIFUL SUNNY ROOM!,6047516,Fejir,Brooklyn,Bushwick,40.68493,-73.90882,Private room,25,1,1,,,1,0,1,1,
17831929,Apartment of Musicians in Ditmas Park,11136995,Gabriel,Brooklyn,Flatbush,40.64807,-73.96625,Private room,22,3,2,3/5/2018,0.08,1,0,3,1.5,
21497189,Room in Brownstone (Now Available),156175292,Gaby,Brooklyn,Bedford-Stuyvesant,40.6847,-73.92904,Private room,25,1,4,9/26/2018,0.19,1,34,6,1.5,
30071389,Lothlorien,224513581,Gaia,Brooklyn,Bedford-Stuyvesant,40.67752,-73.90886,Private room,26,30,1,,,2,250,1,1,
23634984,Shared male room with bunk beds for rent for MALE,176890090,Gani,Brooklyn,Crown Heights,40.67799,-73.94222,Shared room,25,2,13,4/30/2019,0.81,1,81,19.5,1.5,
26721080,Private Room,44630233,George,Brooklyn,Williamsburg,40.7073,-73.92776,Private room,20,1,8,10/11/2018,0.73,1,1,12,1.5,
30353302,Room close to La Guardia Airport,227905146,Gladys,Queens,East Elmhurst,40.76185,-73.87392,Shared room,16,1,10,6/16/2019,1.36,1,0,15,1.5,
924658,Bright airy room share in Brooklyn,4973668,Gloria,Brooklyn,Bedford-Stuyvesant,40.687,-73.93446,Shared room,30,5,91,6/1/2019,1.18,3,248,336.7,3.7,
2431607,Bright Airy Room Share for 2,4973668,Gloria,Brooklyn,Bedford-Stuyvesant,40.68642,-73.9344,Shared room,25,5,76,6/6/2019,1.22,3,258,281.2,3.7,
9238515,Cozy studio just off Main Street,48017685,Gonzalo,Queens,Flushing,40.7544,-73.82866,Shared room,20,3,3,1/25/2019,0.07,1,0,4.5,1.5,
11637578,Spacious and sunny room for rent,61684714,Grace,Manhattan,Washington Heights,40.84248,-73.93849,Private room,26,7,1,,,1,0,1,1,
30478388,Your home away from home private cozy room,104814095,Hanine,Queens,East Elmhurst,40.75938,-73.88158,Private room,29,1,5,7/1/2019,0.86,3,35,7.5,1.5,
8506745,Comfy Bed in Clinton Hill Loft,44037475,Hannah,Brooklyn,Bedford-Stuyvesant,40.6924,-73.96042,Shared room,29,8,41,2/26/2019,0.89,4,53,151.7,3.7,
14491976,Long term sublet in Clinton Hill,44037475,Hannah,Brooklyn,Bedford-Stuyvesant,40.69242,-73.95967,Shared room,30,25,15,4/10/2019,0.43,4,78,22.5,1.5,
21737594,Private Room in Bushwick!,90721937,Hayden,Brooklyn,Bushwick,40.68635,-73.91187,Private room,25,1,9,1/18/2018,0.45,2,0,13.5,1.5,
21740858,Couch in Common Room Bushwick!,90721937,Hayden,Brooklyn,Bushwick,40.68772,-73.91386,Shared room,20,1,1,,,2,0,1,1,
32857508,10 min to Manhattan: Cozy share,247189581,Helena,Brooklyn,Fort Greene,40.68637,-73.97431,Shared room,25,2,8,6/14/2019,1.95,5,32,12,1.5,
22789917,Private room in colorful Brooklyn neighborhood,44862267,Herman,Brooklyn,Williamsburg,40.70283,-73.93788,Private room,30,3,32,6/8/2019,1.85,1,36,80,2.5,
32722219,New Beautiful Apt in Manhattan 30min to Midtown,19303369,Hiroki,Manhattan,Inwood,40.86428,-73.92199,Private room,27,29,1,5/31/2019,0.77,37,32,1.5,1.5,
32364762,Bronx,19303369,Hiroki,Bronx,Kingsbridge,40.88474,-73.90321,Private room,27,30,1,,,37,0,1,1,
32359401,NEW renovated bathroom & Private backyard,19303369,Hiroki,Queens,Elmhurst,40.74503,-73.87099,Private room,28,30,1,,,37,1,1,1,
35269107,New renowated private room,19303369,Hiroki,Brooklyn,Bedford-Stuyvesant,40.68833,-73.95055,Private room,28,30,1,,,37,54,1,1,
32470732,New Renovate in 2019 & Everything is New,19303369,Hiroki,Manhattan,Inwood,40.8647,-73.92353,Private room,29,30,1,,,37,1,1,1,
22713294,Cozy Ridgewood Spot,58884411,Hubert,Queens,Ridgewood,40.70111,-73.89988,Private room,25,3,1,,,1,0,1,1,
22249013,Cozy Bushwick Loft Apartment,17672907,Imani,Brooklyn,Bushwick,40.69178,-73.91243,Private room,30,3,7,3/12/2018,0.38,1,0,10.5,1.5,
30489379,Calm bed. perfect for students and travelers.,111542307,Imoy,Brooklyn,Bedford-Stuyvesant,40.68622,-73.92639,Shared room,19,30,1,1/9/2019,0.17,2,339,1.5,1.5,
31660529,Calm bed great area.,111542307,Imoy,Brooklyn,Bedford-Stuyvesant,40.68694,-73.92732,Shared room,20,30,1,,,2,342,1,1,
5847182,Lefferts Gardens Brooklyn Room,30357478,Ingrid,Brooklyn,East Flatbush,40.65406,-73.9506,Private room,20,1,1,,,1,0,1,1,
9826081,Bright apartment Crown Heights,5385509,Ingrid Harvold,Brooklyn,Crown Heights,40.67534,-73.94958,Private room,28,14,3,1/25/2017,0.07,1,0,4.5,1.5,
19906528,Calm and cozy bedstuy room,72926334,Iquane,Brooklyn,Bedford-Stuyvesant,40.6844,-73.93138,Private room,27,1,68,6/16/2019,2.88,3,112,251.6,3.7,
22746368,Bed no.2 in the living room,47735494,Iris,Queens,Rego Park,40.72666,-73.87004,Shared room,23,1,13,4/2/2018,0.77,4,0,19.5,1.5,
21798411,Full mattress in the living room,47735494,Iris,Queens,Rego Park,40.72826,-73.87015,Shared room,21,1,11,4/21/2018,0.55,4,0,16.5,1.5,
15813866,LADIES ONLY! Privacy in a shared space :),27260699,J,Brooklyn,Bushwick,40.69382,-73.90925,Shared room,28,1,117,5/23/2019,4.56,4,118,503.1,4.3,
16301173,LADIES ONLY!! Privacy in a shared space :),27260699,J,Brooklyn,Bushwick,40.69533,-73.90889,Shared room,28,1,103,5/1/2019,4.02,4,133,442.9,4.3,
33897702,Privacy in a shared Space!! Males Only Plz,27260699,J,Brooklyn,Bushwick,40.69541,-73.90785,Shared room,28,1,8,6/17/2019,3.2,4,41,12,1.5,
33899850,Privacy in a Shared Space! Males only plz,27260699,J,Brooklyn,Bushwick,40.69606,-73.9095,Shared room,28,1,4,6/24/2019,1.71,4,53,6,1.5,
32987477,P,91018434,Jack,Brooklyn,Sheepshead Bay,40.5987,-73.9593,Shared room,25,1,1,,,1,0,1,1,
31144445,Room in Bensonhurst,232778333,Jaime,Brooklyn,Bensonhurst,40.61355,-73.99648,Private room,25,5,7,4/13/2019,1.23,2,175,10.5,1.5,
31619454,Room In West Brooklyn,232778333,Jaime,Brooklyn,Bensonhurst,40.61245,-73.99684,Private room,29,15,2,6/1/2019,1.2,2,244,3,1.5,
26691677,Small 3rd story Room off BRKLYN-QUEENS Expressway,56616801,James,Brooklyn,Greenpoint,40.72414,-73.93967,Private room,25,1,4,10/29/2018,0.34,1,0,6,1.5,
30862301,Pvt entrance lower level apt w/cable-wi-fi pvt bth,22983583,Jannette,Queens,Woodhaven,40.69545,-73.86084,Private room,30,2,8,6/9/2019,1.76,1,0,12,1.5,
33932486,Shared Couch  in  Shared Studio,274333,Janu,Manhattan,Harlem,40.80298,-73.95375,Shared room,20,1,1,,,3,2,1,1,
36450814,FLATBUSH HANG OUT AND GO,267223765,Jarmel,Brooklyn,Flatbush,40.64922,-73.96078,Shared room,20,1,1,,,3,363,1,1,
13697001,A shared spacious bedroom with attached bathroom,52267190,Jas,Queens,Ozone Park,40.68226,-73.84396,Shared room,25,1,1,,,1,0,1,1,
30442775,Cozy room in Astoria ideal for travelers on budget,220095360,Jayoung,Queens,Astoria,40.76341,-73.92535,Private room,27,7,1,,,1,0,1,1,
33747879,Small room for female guests only,252636577,Jean,Queens,Flushing,40.76,-73.82466,Shared room,26,2,5,7/8/2019,1.65,2,90,7.5,1.5,
20826953,Sublet for Oct (Phone number hidden by Airbnb) utilities included,149394434,Jeanette,Queens,Ridgewood,40.7025,-73.90985,Private room,23,1,1,,,1,0,1,1,
3258197,Large 1br Duplex in Heart of Upper East Side,16477306,Jeff,Manhattan,Upper East Side,40.76866,-73.95553,Entire home/apt,16,2,21,6/30/2019,1.69,1,9,52.5,2.5,
23247514,Private room in family apartment,29098546,Jennifer,Brooklyn,Bedford-Stuyvesant,40.68082,-73.92162,Private room,29,1,65,6/23/2019,3.88,1,5,240.5,3.7,
17979764,Jen Apt,84497333,Jennifer,Manhattan,SoHo,40.72237,-73.99817,Private room,10,5,2,4/15/2017,0.07,1,0,3,1.5,
7053353,Large PB w/ Half Bath in Astoria,8002698,Jeremy,Queens,Astoria,40.75966,-73.90924,Private room,27,30,3,10/15/2017,0.07,1,0,4.5,1.5,
21756084,Cozy Private Bedroom in Bushwick,17906387,Jess,Brooklyn,Bushwick,40.69668,-73.91395,Private room,26,4,1,1/4/2018,0.05,1,0,1.5,1.5,
34413436,Bed only ladys near LaGuardia & Manhattan,223087887,Jess & Ana,Queens,Corona,40.74262,-73.86674,Shared room,25,1,12,7/7/2019,6,8,351,18,1.5,
33749769,HABITACIÃ“N COMPARTIDA PARA MUJERES AVENTURERAS!,223087887,Jess & Ana,Queens,Corona,40.74116,-73.86705,Shared room,25,2,10,7/3/2019,3.45,8,344,15,1.5,
33926057,ONLY WOMEN/CAMAS PARA MUJER/HABITACIÃ“N COMPARTIDA,223087887,Jess & Ana,Queens,Corona,40.74116,-73.86667,Shared room,24,1,4,5/4/2019,1.52,8,346,6,1.5,
33929577,Couch(sofÃ¡cama) only women near LGA & Manhattan,223087887,Jess & Ana,Queens,Corona,40.74086,-73.86618,Shared room,24,1,3,5/12/2019,1.11,8,332,4.5,1.5,
35150643,ONLY LADYS/  3 CAMAS PARA MUJERES EN QUEENS.,223087887,Jess & Ana,Queens,Corona,40.74119,-73.86748,Shared room,25,1,2,6/20/2019,2,8,351,3,1.5,
35145314,Only Ladys twin bed near La Guardia & Manhattan,223087887,Jess & Ana,Queens,Corona,40.74132,-73.86683,Shared room,25,2,1,6/15/2019,1,8,346,1.5,1.5,
35145342,HabitaciÃ³n compartida(Only Women) cerca Manhattan,223087887,Jess & Ana,Queens,Corona,40.74255,-73.86659,Shared room,29,1,1,6/19/2019,1,8,343,1.5,1.5,
35001278,COUCH ONLY LADYs cerca a Manhattan,223087887,Jess & Ana,Queens,Corona,40.74206,-73.86628,Shared room,28,1,1,,,8,357,1,1,
10685496,Cozy shared space heart of Astoria,18192996,Jessica And Danny,Queens,Ditmars Steinway,40.7794,-73.91646,Shared room,22,1,14,12/12/2016,0.34,2,0,21,1.5,
16612424,Artstuy,4878363,Jessie,Brooklyn,Bedford-Stuyvesant,40.68554,-73.94478,Private room,30,1,13,4/21/2019,0.45,2,268,19.5,1.5,
9990200,Artist Escape With Private Terrace,4878363,Jessie,Brooklyn,Bedford-Stuyvesant,40.68624,-73.94349,Private room,25,1,7,8/28/2018,0.19,2,8,10.5,1.5,
28590307,SALA/CAMA PARA MUJERES VIAJERAS (WOMEN ONLY),215778245,Jessy & Christian,Queens,Corona,40.73888,-73.86618,Shared room,26,2,21,7/1/2019,2.58,6,352,52.5,2.5,
28589725,CAMAS PARA MUJERES VIAJERAS EN QUEENS(Only Women),215778245,Jessy & Christian,Queens,Corona,40.74056,-73.86446,Shared room,25,2,15,6/27/2019,1.77,6,330,22.5,1.5,
32589600,BED IN FAMILY HOUSE (ONLY WOMEN),215778245,Jessy & Christian,Queens,Corona,40.74147,-73.86753,Shared room,23,1,8,6/3/2019,2.12,6,308,12,1.5,
35069663,Apartamento compartido NYC.,264182618,Jesus A,Bronx,Fordham,40.85743,-73.90233,Shared room,22,1,1,6/3/2019,0.83,1,11,1.5,1.5,
22379163,Cozy room in a big apartment around Myrtle Ave,150891854,Jiyoung,Brooklyn,Bedford-Stuyvesant,40.69178,-73.9369,Private room,23,3,2,1/16/2018,0.11,1,0,3,1.5,
17173473,Ocean Blue Room,113558977,Joe,Queens,Rego Park,40.7265,-73.86017,Private room,30,1,120,6/11/2019,4.1,2,112,516,4.3,
16194283,Private Room in Beautiful Brooklyn Private House.,40532977,Johari,Brooklyn,Bedford-Stuyvesant,40.68128,-73.91196,Private room,29,60,13,5/1/2019,0.42,4,51,19.5,1.5,
2234100,Coffee Tea&Milk Astor Place Lodging,10931680,John,Manhattan,East Village,40.72672,-73.98851,Shared room,30,30,125,12/31/2017,1.88,1,304,537.5,4.3,
21753773,oasis 2,156505456,John,Brooklyn,East New York,40.66114,-73.88889,Private room,30,3,28,5/28/2019,1.43,13,90,70,2.5,
17475107,Partitioned (shared) Cozy Studio in Pelham Bay,86108833,Jonathan,Bronx,Schuylerville,40.84034,-73.83007,Shared room,20,1,116,1/28/2019,4.09,1,5,498.8,4.3,
29778804,Giant private bedroom w 1/2 bathroom in 4BR apt,58266933,Jordan,Queens,Astoria,40.75805,-73.90927,Private room,25,7,2,3/21/2019,0.29,1,66,3,1.5,
9990448,Luggage/Shower Depot!!!/US Open/LGA/JFK,21216008,Jose,Queens,Jackson Heights,40.75024,-73.87849,Shared room,26,1,15,6/22/2019,0.68,4,365,22.5,1.5,
34112635,CRASH PAD near LGA JFK,21216008,Jose,Queens,Jackson Heights,40.75078,-73.87949,Shared room,28,1,4,6/8/2019,2.11,4,354,6,1.5,
23919507,Large Sunny Bedroom in 2 bedroom Apt. near train,39531110,Josseline,Brooklyn,Gravesend,40.60663,-73.9821,Private room,29,2,1,6/11/2018,0.08,1,0,1.5,1.5,
22048265,Luxurious Brooklyn Getaway - Comfy Couch & Sofabed,15681707,Joycelyn,Brooklyn,Crown Heights,40.67473,-73.91424,Shared room,29,2,4,5/18/2018,0.22,3,1,6,1.5,
19071002,BK's Finest Jack&Jill2 Share NearTransportation,50600973,Joyell,Brooklyn,Bushwick,40.6951,-73.92983,Shared room,29,1,124,6/18/2019,4.99,7,73,533.2,4.3,
18898808,BK's Finest Jack&Jill ShareRoom Close to Train/Bus,50600973,Joyell,Brooklyn,Bushwick,40.69674,-73.92972,Shared room,25,1,105,6/12/2019,4.22,7,82,451.5,4.3,
25834015,Great cozy room,194108889,Juan,Queens,Maspeth,40.72605,-73.90711,Private room,26,3,2,4/30/2019,0.16,1,118,3,1.5,
22229244,Spacious cozy place in heart of nolita,16569491,Julian,Manhattan,Nolita,40.72184,-73.99452,Private room,20,14,9,6/26/2018,0.48,1,0,13.5,1.5,
22942669,Cozy room for one in BedStuy,1398639,Juliet,Brooklyn,Bedford-Stuyvesant,40.6865,-73.93199,Private room,25,30,6,5/31/2019,0.58,3,207,9,1.5,
35642891,Beautiful room in Bushwick,268138154,Julio,Brooklyn,Bushwick,40.6964,-73.91898,Private room,10,1,2,6/18/2019,2,1,0,3,1.5,
36199363,Furnished room  for rent in Bronx SINGLE FEMALE,272247972,Kadeen,Bronx,Olinville,40.88116,-73.86547,Shared room,25,90,1,,,1,190,1,1,
31135051,Pvt Single Room Occupancy Near JFK 6 mi/LGA 10 mi,230025652,Kafayat,Queens,St. Albans,40.70541,-73.75037,Private room,30,2,7,4/30/2019,1.1,4,6,10.5,1.5,
24119328,Charming Brooklyn Gem with Beautiful Views,8612450,Kareem,Brooklyn,Midwood,40.61379,-73.96826,Private room,20,3,4,5/31/2018,0.26,1,18,6,1.5,
10786987,Bright & Spacious living room,55813598,Karen,Brooklyn,Gravesend,40.6074,-73.97458,Shared room,25,3,119,7/2/2019,2.9,2,349,511.7,4.3,
32731541,HUGE duplex floor for share with 1 girl,49758877,Karina,Brooklyn,Bedford-Stuyvesant,40.69348,-73.94757,Shared room,30,18,8,6/23/2019,1.89,1,27,12,1.5,
22977021,Spacious Room4 Rent Near Hospital in Staten Island,46723570,Kartikeya,Staten Island,South Beach,40.5895,-74.09663,Shared room,20,4,1,2/2/2018,0.06,1,0,1.5,1.5,
21011427,Cheap bedroom with private half bath attached!,151291713,Kathryn,Manhattan,Washington Heights,40.85014,-73.93743,Private room,30,1,67,6/22/2019,3.07,2,72,247.9,3.7,
17774989,Cozy room in West Harlem,121359320,Kathy,Manhattan,Harlem,40.83046,-73.94142,Private room,30,1,7,8/21/2017,0.25,1,0,10.5,1.5,
17952277,Newly renovated fully furnished room in Brooklyn,62685070,Katie,Brooklyn,Bushwick,40.69974,-73.91935,Private room,10,5,1,,,1,0,1,1,
15453848,Cozy Room in Crown Heights! (Female Guests Only),11304670,Katya,Brooklyn,Crown Heights,40.66469,-73.95125,Private room,29,5,3,1/1/2019,0.1,1,206,4.5,1.5,
30798396,Spacious room near airport LGA Manhattan & Gym,137358866,Kazuya,Queens,Jackson Heights,40.74878,-73.8799,Private room,24,30,1,,,103,244,1,1,
32293787,Easy access Mall Midtown & JFK. Vast room space!,137358866,Kazuya,Queens,Elmhurst,40.74467,-73.8726,Private room,26,30,1,,,103,233,1,1,
30772721,Budget friendly room in Queens. 5mins to subway!,137358866,Kazuya,Queens,Elmhurst,40.73489,-73.88048,Private room,28,30,1,,,103,63,1,1,
30720122,Sunnyside RM w/ a view. Near everything you need.,137358866,Kazuya,Queens,Sunnyside,40.73756,-73.92329,Private room,29,30,1,,,103,241,1,1,
11319227,A HOME AWAY FROM HOME IN NYC! UPTOWN,51025844,Kdn,Manhattan,Inwood,40.86761,-73.92718,Shared room,29,1,93,6/15/2019,2.28,3,90,344.1,3.7,
29884848,private room for WOMEN ONLY near BX Little Italy,149306690,Kelcie,Bronx,Belmont,40.85504,-73.88394,Private room,24,1,4,6/24/2019,0.52,1,0,6,1.5,
21471540,Charming Bushwick Shared Space,155923396,Kelly,Brooklyn,Bushwick,40.70031,-73.92848,Private room,25,2,35,4/30/2019,1.8,3,3,87.5,2.5,
24207804,NYC room-cozy basic clean cheap & close to all,182488531,Kevin4,Queens,Elmhurst,40.73739,-73.86991,Shared room,21,1,21,6/16/2019,1.64,2,260,52.5,2.5,
26443106,trip NYC - your Couch - clean cheap close to all,182488531,Kevin4,Queens,Elmhurst,40.73753,-73.87054,Shared room,15,1,19,6/20/2019,1.71,2,271,28.5,1.5,
34577268,The duplex of city center,257474717,Kim,Queens,Flushing,40.75498,-73.83423,Entire home/apt,15,2,1,,,1,361,1,1,
19054683,Fully-furnished modern apartment,97907084,Kim,Bronx,Wakefield,40.90281,-73.85201,Entire home/apt,28,1,1,,,1,0,1,1,
18750597,Huge Brooklyn Brownstone Living Close to it all.,8993084,Kimberly,Brooklyn,Bedford-Stuyvesant,40.69023,-73.95428,Private room,50,4,1,1/6/2018,0.05,4,28,1.5,1.5,
12273688,Sunny Private Rm in Bushwick,44468180,Kristen,Brooklyn,Bushwick,40.69414,-73.92877,Private room,29,2,4,7/2/2017,0.11,1,0,6,1.5,
16770311,Spacious Artist Bedroom â€” 30 Min to Manhattan!,16139880,Ksenia & Masha,Brooklyn,Bedford-Stuyvesant,40.67692,-73.91541,Private room,30,3,16,6/8/2019,0.53,6,57,24,1.5,
16557384,Private Room in Cozy Harlem 2 Bedroom,38853591,Kyle,Manhattan,Harlem,40.82261,-73.95163,Private room,25,2,102,6/18/2019,3.33,1,99,438.6,4.3,
22165795,Large room in Bedstuy brownstone,161903367,Kyle,Brooklyn,Bedford-Stuyvesant,40.68135,-73.94718,Private room,28,2,1,1/1/2018,0.05,1,0,1.5,1.5,
18870281,Room in Ditmas Park Brooklyn,131476188,Kylie,Brooklyn,Flatbush,40.64917,-73.96236,Private room,29,3,1,,,1,0,1,1,
9944320,Nice Spacious Room for a Month,19878684,Lakshey,Queens,Ozone Park,40.68247,-73.84368,Shared room,25,10,1,,,1,0,1,1,
31090222,6 Minutes From JFK Airport Cozy Bedroom,232251881,Lakshmee,Queens,Jamaica,40.668,-73.78477,Private room,30,1,98,6/26/2019,15.23,8,189,362.6,3.7,
22107368,Entire Apartment Available in Astoria,103170539,Lalit,Queens,Astoria,40.76824,-73.91135,Private room,29,5,11,6/15/2018,0.59,1,156,16.5,1.5,
23976566,Clean Private Room in Rosedale - Close to JFK+Mall,105124052,Latoya,Queens,Rosedale,40.65882,-73.7332,Private room,28,1,35,5/9/2019,2.25,1,43,87.5,2.5,
16288650,Bushwick Cozy Stay-- One Block From the Train!,11768876,Laura,Brooklyn,Bushwick,40.6995,-73.93334,Private room,30,2,61,6/23/2019,1.95,1,26,225.7,3.7,
20608117,Sunny and Quiet Room in Greenpoint,1641537,Lauren,Brooklyn,Greenpoint,40.72462,-73.94072,Private room,50,2,12,10/27/2017,0.53,2,0,18,1.5,
35676738,Comfortable Private Room,264362310,Lens,Brooklyn,Sheepshead Bay,40.60724,-73.95219,Private room,25,1,1,,,1,178,1,1,
29059334,BSM.1. Shered room for 4-5 guests,215588687,Levi,Brooklyn,Prospect-Lefferts Gardens,40.66017,-73.9475,Shared room,25,2,4,6/7/2019,0.53,6,365,6,1.5,
29595432,BSM2. Shares basement,215588687,Levi,Brooklyn,Prospect-Lefferts Gardens,40.66192,-73.94668,Shared room,25,2,1,11/27/2018,0.13,6,365,1.5,1.5,
33934534,#1 Shared ROOM 4YOU for 6 guests,256235740,Levi,Brooklyn,Crown Heights,40.66738,-73.93669,Shared room,25,2,1,5/28/2019,0.71,3,167,1.5,1.5,
28309976,BnB & Spa,22125997,Lilly Rose,Bronx,Westchester Square,40.84184,-73.84967,Private room,28,1,26,6/21/2019,2.65,2,123,65,2.5,
25491908,The Quintessential Bushwick Loft: The Dream Cove,6778614,Lindsey,Brooklyn,Bushwick,40.70878,-73.92215,Shared room,30,3,8,7/30/2018,0.61,2,0,12,1.5,
36354776,Cozy bedroom in diverse neighborhood near JFK,273393150,Liza,Queens,Richmond Hill,40.68639,-73.81847,Private room,28,2,1,,,1,24,1,1,
31341166,Stay like a NYker - Cheap clean and close to All,137501374,LKL Rental,Queens,Elmhurst,40.74057,-73.86975,Private room,25,1,17,6/20/2019,2.79,3,231,25.5,1.5,
31341476,Tight budget tours NYC? Cheap Clean and close all,137501374,LKL Rental,Queens,Elmhurst,40.74038,-73.86964,Shared room,19,1,15,6/22/2019,2.78,3,236,22.5,1.5,
31403932,Go to NYC? Stay with us. Cozy Clean &Close all,137501374,LKL Rental,Queens,Elmhurst,40.73998,-73.86802,Private room,28,1,12,6/24/2019,3.03,3,236,18,1.5,
24421357,Private Clean Room near Yankee Stadium.,10534760,Lois,Bronx,Morrisania,40.83139,-73.90166,Private room,23,2,18,7/2/2019,1.25,1,36,27,1.5,
13920551,Vida Local,80974010,Lou,Bronx,Highbridge,40.83736,-73.92318,Private room,22,3,14,10/10/2017,0.39,1,42,21,1.5,
26355272,Place for solo traveler (girls only) in LIC,198195140,Lucy,Queens,Long Island City,40.74753,-73.93918,Shared room,30,1,15,7/1/2019,4.74,2,5,22.5,1.5,
14821756,LowerLevel House NYC Traveler ShortStay BedRoom,31307789,Luffy,Queens,Corona,40.74864,-73.85436,Shared room,27,2,16,6/7/2019,0.48,2,365,24,1.5,
13694021,BasementSolo Private bedRoom No Window in NYC 2E,31307789,Luffy,Queens,Corona,40.74736,-73.85587,Shared room,27,2,13,6/21/2019,0.35,2,361,19.5,1.5,
13868137,FEMALE ONLY,65846751,Luqian,Brooklyn,Sunset Park,40.64025,-74.01735,Private room,25,4,2,8/10/2016,0.06,1,0,3,1.5,
27316669,Bronx Apart,205820814,Luz,Bronx,Highbridge,40.83454,-73.92751,Private room,10,1,1,,,1,180,1,1,
5352301,Housing for SGU/AUA/SABA/ROSS students,27741331,Lyn,Brooklyn,East Flatbush,40.65777,-73.92263,Private room,27,30,9,3/23/2019,0.18,2,345,13.5,1.5,
22856025,Newly Renovated Guest Room with Private Bath,34635838,Madeline,Staten Island,Bull's Head,40.60295,-74.17117,Private room,25,1,34,5/16/2019,2.06,2,0,85,2.5,
24831635,Comfortable an Nice Bedroom to relax,187718165,Magui,Queens,Briarwood,40.71007,-73.81483,Private room,30,1,24,6/12/2019,1.67,1,6,60,2.5,
18007671,Cute 1 bedroom basement apartment,73228035,Maimi,Brooklyn,East Flatbush,40.662,-73.93775,Private room,15,1,2,4/17/2017,0.07,2,0,3,1.5,
6652170,Bunk Bed room share in Bklyn near Brooklyn College,17927814,Malisa,Brooklyn,Flatlands,40.62787,-73.94276,Shared room,27,5,1,,,1,0,1,1,
30062210,Cozy Four Twenty Friendly Bedroom in Brooklyn,225913497,Mamadou,Brooklyn,Bedford-Stuyvesant,40.67966,-73.90755,Private room,28,3,1,1/1/2019,0.16,1,0,1.5,1.5,
21981703,Beautiful and Charming 2 Bedroom in Brooklyn!,2066240,Marcella,Brooklyn,Crown Heights,40.67405,-73.94419,Entire home/apt,12,3,1,,,1,0,1,1,
4162519,Happy cozy Manchi GUEST ROOM,1267556,Mari J,Brooklyn,Flatbush,40.63995,-73.96196,Shared room,30,1,81,6/29/2019,1.39,1,319,299.7,3.7,
18490141,IT'S SIMPLY CONVENIENT!,97001292,Maria,Queens,Jamaica,40.69085,-73.79916,Entire home/apt,10,1,43,6/12/2019,1.68,1,252,159.1,3.7,
26235873,Voted #1 Airbnb In NYC,197169969,Maria,Queens,Jamaica,40.68939,-73.79886,Entire home/apt,10,2,22,7/6/2019,1.76,1,332,55,2.5,
34856733,Large spacious room,20110967,Maria,Manhattan,Inwood,40.86025,-73.92647,Private room,24,10,1,,,1,145,1,1,
34258883,MIN WALK TO TRAIN/STORES/FOOD PLACES/NEAR HOSPITAL,241676154,Maria,Staten Island,Grant City,40.57801,-74.10869,Private room,29,21,1,,,2,281,1,1,
12630799,Cozy Sunny room,65820457,Marilyn,Queens,Ridgewood,40.70595,-73.90871,Private room,25,5,1,,,1,0,1,1,
19415314,Girls only cozy room one block from Times Square,47336995,Mario,Manhattan,Hell's Kitchen,40.75812,-73.98935,Shared room,10,1,2,6/24/2017,0.08,1,0,3,1.5,
15819933,Gorgeous Spacious Bedroom In Ridgewood Queens,16494382,Mark,Queens,Ridgewood,40.70735,-73.89343,Private room,20,7,1,,,1,89,1,1,
22683799,The place,3218951,Marko,Brooklyn,Prospect-Lefferts Gardens,40.65686,-73.95758,Private room,22,7,5,5/28/2019,0.3,1,5,7.5,1.5,
10368714,Martha's Apartment,53369750,Martha,Manhattan,Washington Heights,40.8379,-73.94095,Private room,30,3,119,6/30/2019,3.19,1,3,511.7,4.3,
20523843,MARTIAL LOFT 3: REDEMPTION (upstairs 2nd room),15787004,Martial Loft,Brooklyn,Bushwick,40.69467,-73.92433,Private room,50,2,16,5/18/2019,0.71,5,0,24,1.5,
26496645,Room with a view,110049861,Martin,Brooklyn,Williamsburg,40.70959,-73.95693,Private room,10,1,1,,,1,83,1,1,
7760204,LG quiet room nr Cloisters A 1,8335684,Mary,Manhattan,Inwood,40.86274,-73.92842,Private room,22,1,13,1/2/2019,0.28,3,0,19.5,1.5,
20725759,Sunny & Modern Room in Brooklyn NY,65258155,Marzian,Brooklyn,Bedford-Stuyvesant,40.68763,-73.92706,Private room,30,2,9,1/2/2019,0.4,1,0,13.5,1.5,
28509709,Bronx Apartment College Ave,215183568,Matilde,Bronx,Claremont Village,40.83739,-73.91118,Private room,26,1,20,3/26/2019,2.07,1,3,30,1.5,
18006003,Room in Bronx Little Italy,91261577,Matthew,Bronx,Belmont,40.85311,-73.88763,Private room,29,4,4,8/27/2017,0.15,1,0,6,1.5,
23216187,Spacious and sunny room in Crown Heights,8260418,Matthew,Brooklyn,Crown Heights,40.67671,-73.94938,Private room,26,2,1,,,1,0,1,1,
5385943,Spacious Room in Awesome Apt Sublet,27919611,Matthew,Manhattan,Washington Heights,40.83242,-73.93931,Private room,28,20,1,,,1,0,1,1,
24412104,Cozy feel at home studio,91034542,Maureen,Manhattan,Kips Bay,40.74408,-73.97803,Private room,10,5,42,6/30/2019,2.87,1,2,155.4,3.7,
21627938,Unbelievable male room Manhattan for lngterm! III,39528519,Max,Manhattan,Lower East Side,40.71021,-73.98863,Shared room,29,100,1,,,28,341,1,1,
16221732,A Comfortable Cozy  Room,4013000,Mei,Queens,Bayside,40.75465,-73.77361,Private room,30,15,31,5/6/2019,0.99,2,142,77.5,2.5,
16346527,a budget comfy room,4013000,Mei,Queens,Bayside,40.75377,-73.7726,Private room,30,15,22,6/2/2019,0.7,2,145,55,2.5,
29607688,Female only Close to Manhattan Safe Clean,99108929,Melih,Queens,Sunnyside,40.73753,-73.92233,Shared room,29,5,2,2/21/2019,0.27,2,23,3,1.5,
29489893,Beautiful furnished private studio with backyard,222098649,Melissa,Queens,Jamaica,40.68547,-73.79063,Entire home/apt,20,1,111,7/7/2019,13.11,1,41,477.3,4.3,
21936288,Infinite Bliss,118807152,Melissa,Queens,Elmhurst,40.74361,-73.87732,Private room,30,1,15,6/30/2019,0.77,1,249,22.5,1.5,
6246010,Skyview Private Small Room,9922972,Memo & Iso,Brooklyn,Bedford-Stuyvesant,40.68517,-73.9369,Private room,30,1,170,6/23/2019,3.34,5,165,731,4.3,
6245792,Orange Room,9922972,Memo & Iso,Brooklyn,Bedford-Stuyvesant,40.68549,-73.93532,Private room,30,1,163,6/18/2019,3.21,5,134,700.9,4.3,
6603534,Private Small Grey Room,9922972,Memo & Iso,Brooklyn,Bedford-Stuyvesant,40.68517,-73.93473,Private room,30,1,107,6/15/2019,2.18,5,345,460.1,4.3,
18645286,Sunny & cozzy room in beautiful apartment,48157058,MichÃ¨le,Brooklyn,Crown Heights,40.67541,-73.93253,Private room,26,7,1,,,1,59,1,1,
4093591,1 Room & 1 Bath,11090576,Michael,Brooklyn,Bushwick,40.69216,-73.90859,Private room,25,1,8,1/15/2015,0.14,1,0,12,1.5,
22572695,Simple studio,48616155,Michelle,Brooklyn,Flatbush,40.64663,-73.96187,Shared room,23,1,57,6/23/2019,3.27,1,58,210.9,3.7,
21771486,Park Slope it! Close to Manhattan! Renovated!,31697949,Michelle,Brooklyn,Sunset Park,40.66475,-73.99629,Private room,30,2,7,5/15/2018,0.36,1,0,10.5,1.5,
22611675,Private Room in WaHi,166398662,Michelle,Manhattan,Washington Heights,40.8372,-73.94196,Private room,25,1,2,1/24/2018,0.11,1,0,3,1.5,
9786182,Lovely room in Harlem,26627436,Mike,Manhattan,Harlem,40.81602,-73.94316,Private room,29,28,42,8/19/2018,1,1,16,155.4,3.7,
8015917,Room in Brownstone Apartment,12474780,Mike,Brooklyn,Park Slope,40.66948,-73.97797,Private room,30,1,6,8/1/2016,0.14,1,0,9,1.5,
22117898,Brooklyn city room,160495098,Miller,Brooklyn,East Flatbush,40.63479,-73.94848,Private room,27,2,4,9/29/2018,0.23,5,0,6,1.5,
30450834,Minaâ€™s House,228622994,Mina,Queens,Jamaica,40.69409,-73.79363,Private room,29,1,26,4/14/2019,3.84,1,0,65,2.5,
4031809,Prewar classic NYC apartment.,20902552,Miquel,Manhattan,Washington Heights,40.83456,-73.94344,Private room,16,14,1,,,1,0,1,1,
25669472,Modern comfy studio apartment,121851703,Mo,Queens,Queens Village,40.72105,-73.73444,Entire home/apt,25,1,45,7/1/2019,3.37,2,292,166.5,3.7,
32038185,8mins  to JFK airport separate door & bathroom,240203470,Modesta,Queens,Jamaica,40.67804,-73.80122,Private room,25,1,44,6/30/2019,9.23,1,41,162.8,3.7,
31189073,Quite and comfortable shared room in UES,45317760,Mohammed,Manhattan,Upper East Side,40.77096,-73.95512,Shared room,30,1,23,6/13/2019,3.67,3,13,57.5,2.5,
28908658,Small Reasonable stay in NYC 3min Subway Grand Ave,204704622,Momoyo,Queens,Elmhurst,40.74035,-73.87617,Private room,29,29,1,6/20/2019,1,7,6,1.5,1.5,
18194450,Gorgeous Brooklyn Bedroom with Luxury Decor,54289696,Monica,Brooklyn,Crown Heights,40.67038,-73.93214,Private room,27,2,81,6/9/2019,2.99,1,84,299.7,3.7,
4472904,Dorm Sz Room. Near 2 & 5 train 180 st Bronx zoo,1532337,Monica,Bronx,Van Nest,40.8423,-73.87055,Private room,25,30,6,5/28/2019,0.17,4,219,9,1.5,
31053045,Sleeper shared rm on subway bronx zoo 30m2NYC,1532337,Monica,Bronx,Van Nest,40.84087,-73.8699,Shared room,20,10,3,7/1/2019,0.68,4,25,4.5,1.5,
16314419,Shared Living Space in Bushwick Brooklyn,106756395,Monica,Brooklyn,Bedford-Stuyvesant,40.68937,-73.9226,Shared room,25,1,3,12/31/2016,0.1,2,0,4.5,1.5,
31032487,Share Lg studio rm b2*2 blocks subway *Bronx Zoo,1532337,Monica,Bronx,Van Nest,40.84119,-73.87049,Shared room,20,10,2,6/30/2019,0.32,4,114,3,1.5,
30942778,Share a Lg Studio room* 2 blocks subway* Bronx Zoo,1532337,Monica,Bronx,Van Nest,40.84047,-73.87127,Shared room,20,14,1,5/8/2019,0.48,4,139,1.5,1.5,
17437106,Couch in Harlem Harvey Refugees only,33511962,Morgan,Manhattan,Harlem,40.81302,-73.95349,Shared room,10,1,1,,,1,0,1,1,
21314250,5 STAR COZY ROOM,154238443,Mrs,Bronx,Belmont,40.85579,-73.88512,Private room,29,3,9,6/12/2019,0.43,2,322,13.5,1.5,
21366806,Comfortable air bed near bronx zoo and sbh,154238443,Mrs,Bronx,Belmont,40.85456,-73.88521,Private room,29,4,5,6/1/2019,0.25,2,360,7.5,1.5,
31071518,Private room in my apartment.,191442758,Naftali,Manhattan,Harlem,40.81425,-73.94549,Private room,28,4,6,4/16/2019,1.05,1,0,9,1.5,
34146260,Crash Pad in Jackson Heights,153371127,Nancy,Queens,Jackson Heights,40.75023,-73.87772,Shared room,27,1,4,6/10/2019,2.73,2,355,6,1.5,
35481276,NIGHT CRAS PAD,153371127,Nancy,Queens,Jackson Heights,40.74908,-73.87961,Shared room,28,1,1,,,2,341,1,1,
7221446,# sunny skylit sanctuary in the heart of BK! #,1903737,Natalie,Brooklyn,Bedford-Stuyvesant,40.69588,-73.93384,Private room,29,3,30,3/24/2019,0.65,3,0,75,2.5,
16015571,Bright and Spacious Living Room.,39261381,Nathaniel,Brooklyn,Flatlands,40.62531,-73.93414,Shared room,22,1,20,7/3/2019,1.28,2,160,30,1.5,
23861801,2 Sofa-beds in Livingroom- Check in: 5:45pm - 11pm,81510823,Ndeye Aissatou,Brooklyn,Bedford-Stuyvesant,40.68829,-73.93184,Shared room,30,1,99,6/30/2019,6.31,1,67,366.3,3.7,
13676601,Here's a great offer on a spacious furnished room!,79598330,Nesha,Brooklyn,East Flatbush,40.66337,-73.92576,Private room,30,3,20,3/31/2018,0.54,1,27,30,1.5,
29152795,Hostel- Twin-sized Bed in Shared Room in Brooklyn,201813482,Nick,Brooklyn,Bushwick,40.70442,-73.91707,Shared room,25,4,27,6/18/2019,3.01,5,49,67.5,2.5,
29060585,Hostel - Full-sized Bed in Shared Room in Brooklyn,201813482,Nick,Brooklyn,Bushwick,40.70431,-73.91584,Shared room,25,4,17,6/23/2019,1.88,5,80,25.5,1.5,
29059870,Hostel - Twin-sized Bed in Shared Room in Brooklyn,201813482,Nick,Brooklyn,Bushwick,40.70652,-73.91784,Shared room,25,4,14,6/5/2019,1.56,5,62,21,1.5,
34286555,Comfortable Futon Couch in Brooklyn,10714931,Nick,Brooklyn,Crown Heights,40.67326,-73.95367,Shared room,24,5,7,7/1/2019,3.33,4,14,10.5,1.5,
35197505,twin bed in hostel style shared room,201813482,Nick,Brooklyn,Bushwick,40.70513,-73.91576,Shared room,25,4,1,,,5,340,1,1,
35200165,Twin bed in hostel with other guests,201813482,Nick,Brooklyn,Bushwick,40.70508,-73.91577,Shared room,25,4,1,,,5,346,1,1,
28044146,J- **LUXURY SHARED ROOM 2PPL FREE WIFI+CABLE+AC,8814258,Nikole,Queens,South Ozone Park,40.67286,-73.79666,Shared room,29,5,1,9/14/2018,0.1,7,365,1.5,1.5,
30423282,Lovely Aprt. 6 mins walk from Utica Av. Station,210427776,Obinna,Brooklyn,Crown Heights,40.67708,-73.92944,Private room,25,2,4,1/10/2019,0.59,1,0,6,1.5,
32042721,Sunny BR w/ Private LR 15 min to JFK free Parking,240239465,Okhela,Queens,St. Albans,40.70132,-73.75463,Entire home/apt,30,2,11,5/25/2019,2.32,2,230,16.5,1.5,
23004287,Brooklyn  KingsHwy . 1 room for 1 person,166204258,Olga,Brooklyn,Sheepshead Bay,40.6092,-73.9572,Private room,27,1,1,2/5/2018,0.06,1,0,1.5,1.5,
23827905,Central Park View-Free Museum Tickets-Private Room,101438864,Omar,Manhattan,Upper West Side,40.79368,-73.96373,Private room,30,1,89,6/27/2019,6.03,2,94,329.3,3.7,
29690801,Private room next to N train.,198021963,Onur,Brooklyn,Borough Park,40.61979,-73.98886,Private room,20,1,12,6/25/2019,1.66,1,14,18,1.5,
34791645,Mott Haven Dorm FF,30509656,Orit,Bronx,Port Morris,40.80858,-73.93164,Shared room,28,1,10,6/23/2019,6.82,8,351,15,1.5,
34715931,Mott Haven Dorm AA,30509656,Orit,Bronx,Port Morris,40.80852,-73.9306,Shared room,28,1,5,6/17/2019,2.94,8,60,7.5,1.5,
34718633,Mott Haven Dorm CC,30509656,Orit,Bronx,Port Morris,40.80838,-73.93091,Shared room,28,1,3,6/3/2019,1.7,8,363,4.5,1.5,
34782691,Mott Haven Dorm EE,30509656,Orit,Bronx,Port Morris,40.80868,-73.93015,Shared room,28,1,3,6/21/2019,2.65,8,362,4.5,1.5,
34718463,Mott Haven Dorm DD,30509656,Orit,Bronx,Port Morris,40.80996,-73.93172,Shared room,28,1,2,5/21/2019,1.15,8,365,3,1.5,
35169758,Mott Haven Dorm GG,30509656,Orit,Bronx,Port Morris,40.80828,-73.9319,Shared room,28,1,2,6/16/2019,2,8,88,3,1.5,
34717211,Mott Haven Dorm BB,30509656,Orit,Bronx,Port Morris,40.80869,-73.9317,Shared room,28,1,1,5/25/2019,0.67,8,73,1.5,1.5,
18270109,Beautiful Room by Bushwick Brooklyn!!,99608108,Osa,Brooklyn,Bushwick,40.70457,-73.91603,Private room,29,2,40,6/22/2019,1.49,3,319,148,3.7,
31568673,Large private room w/ 2 built-in closets,236631469,Paloma,Bronx,Williamsbridge,40.88449,-73.86227,Private room,25,30,1,,,1,85,1,1,
27752128,sofa Bed And Breakfast,205706382,Peter,Queens,Maspeth,40.72514,-73.89845,Shared room,11,1,1,,,1,245,1,1,
36243183,Spacious private room #2,35783912,Pi & Leo,Bronx,Fordham,40.86264,-73.89139,Private room,29,2,1,,,8,81,1,1,
4784846,1 BR in loft / Bushwick,24667595,Pierre,Brooklyn,Bushwick,40.69169,-73.92351,Private room,30,1,8,6/25/2017,0.15,1,0,12,1.5,
34229869,Cozy Living Room Futon,27537930,Preston,Bronx,Pelham Gardens,40.86209,-73.84667,Shared room,20,1,1,,,1,5,1,1,
20933849,the best you can find,13709292,Qiuchi,Manhattan,Murray Hill,40.75091,-73.97597,Entire home/apt,50,3,1,,,1,0,1,1,
25839759,Gigantic Sunny Room in Park Slope-Private Backyard,167570251,Rachel,Brooklyn,Sunset Park,40.66242,-73.99464,Entire home/apt,10,1,14,10/28/2018,1.06,1,4,21,1.5,
27965802,Cheap and Worth it!,154678310,Rafael,Queens,Elmhurst,40.74038,-73.87381,Private room,30,1,24,2/2/2019,2.32,1,0,60,2.5,
27083575,Happy home 2,158178970,Raquel,Staten Island,Randall Manor,40.62972,-74.12539,Private room,22,1,21,7/4/2019,1.77,3,261,52.5,2.5,
21981845,A happy home,158178970,Raquel,Staten Island,Randall Manor,40.63108,-74.12512,Private room,27,1,21,6/19/2019,1.14,3,287,52.5,2.5,
34870577,Happy Home 3,158178970,Raquel,Staten Island,Randall Manor,40.63136,-74.12559,Shared room,13,1,9,7/5/2019,5.51,3,8,13.5,1.5,
24231655,Humble Abode in the Bronx,37417547,Raquel,Bronx,Mount Eden,40.84197,-73.91292,Private room,25,2,2,5/19/2018,0.14,1,0,3,1.5,
30527526,Pelham south,228773060,Reggae In,Bronx,Bronxdale,40.85398,-73.86451,Private room,25,2,1,12/14/2018,0.14,1,0,1.5,1.5,
28338004,Mott Haven Dorm-Bed D,174785358,Rem,Bronx,Port Morris,40.80994,-73.93061,Shared room,28,1,29,5/27/2019,3.09,7,89,72.5,2.5,
28291704,Mott Haven Dorm-Bed A,174785358,Rem,Bronx,Port Morris,40.8102,-73.93147,Shared room,28,1,18,6/20/2019,1.93,7,60,27,1.5,
28335929,Mott Haven Dorm-Bed B,174785358,Rem,Bronx,Port Morris,40.80952,-73.93005,Shared room,28,1,17,6/3/2019,1.79,7,83,25.5,1.5,
31267520,Mott Haven Dorm-Bed F,174785358,Rem,Bronx,Port Morris,40.8094,-73.93173,Shared room,28,1,17,6/18/2019,2.77,7,319,25.5,1.5,
28338131,Mott Haven Dorm-Bed E,174785358,Rem,Bronx,Port Morris,40.80977,-73.93038,Shared room,28,1,16,6/22/2019,1.7,7,0,24,1.5,
34444336,Mott Haven Dorm-Bed G,174785358,Rem,Bronx,Port Morris,40.80816,-73.93176,Shared room,28,1,4,6/14/2019,2.07,7,64,6,1.5,
34446898,Mott Haven Dorm-Bed H,174785358,Rem,Bronx,Port Morris,40.80856,-73.93055,Shared room,28,1,4,6/22/2019,2.03,7,71,6,1.5,
19073347,Comfy convenient futon for solo traveler,83756656,Richard,Manhattan,Lower East Side,40.71884,-73.99076,Shared room,29,2,21,6/4/2019,0.86,1,0,52.5,2.5,
375249,Enjoy Staten Island Hospitality,1887999,Rimma & Jim,Staten Island,Graniteville,40.62109,-74.16534,Private room,20,3,80,5/26/2019,0.92,1,226,296,3.7,
35042058,Big one bedroom apt new and beautiful.,19342,Rivka,Manhattan,Upper West Side,40.799,-73.96315,Entire home/apt,11,7,1,,,1,273,1,1,
22510506,PrÃ­vate room,165003654,Rocio,Bronx,Norwood,40.87396,-73.87785,Private room,26,30,24,1/15/2019,1.39,1,303,60,2.5,
22446205,Brooklyn clean and quiet,164456084,Roody,Brooklyn,Canarsie,40.63409,-73.89383,Private room,27,1,1,,,1,0,1,1,
34316785,La Greka (Couch Surfing),109843377,Rubi,Brooklyn,Bedford-Stuyvesant,40.67981,-73.91022,Shared room,25,7,1,,,2,88,1,1,
24114389,Very Spacious bedroom steps from CENTRAL PARK.,180661875,Salim,Manhattan,Upper West Side,40.76844,-73.98333,Private room,10,1,2,4/23/2018,0.13,1,0,3,1.5,
1620248,Large furnished 2 bedrooms- - 30 days Minimum,2196224,Sally,Manhattan,East Village,40.73051,-73.9814,Entire home/apt,10,30,1,,,4,137,1,1,
12826965,Cozy Bright Private Room in NY (Only for female),69989416,Sammie,Queens,Flushing,40.7555,-73.82712,Private room,30,4,54,4/21/2019,1.39,1,64,199.8,3.7,
6731373,Brooklyn Yellow,35086035,Sammy,Brooklyn,Crown Heights,40.66913,-73.93199,Private room,25,2,5,12/31/2018,0.27,1,158,7.5,1.5,
12625934,Private oasis in Hamilton Heights.,68551886,Sandra,Manhattan,Harlem,40.82859,-73.9497,Private room,25,1,1,,,1,0,1,1,
2414157,Relaxed Comfortable Beds in A Cozy Apartment.,8904815,Sandra&Orlando,Brooklyn,Flatbush,40.64307,-73.95455,Shared room,30,5,34,6/29/2019,0.52,2,288,85,2.5,
17891040,Brooklyn Bay Ridge areaâ˜…â˜…æ˜Žã‚‹ã„ãŠéƒ¨å±‹â˜…,55981584,Saori,Brooklyn,Bay Ridge,40.63613,-74.02262,Private room,29,1,3,4/10/2017,0.11,2,0,4.5,1.5,
12657527,sunny room in NYC!,46047223,Sarah,Brooklyn,Crown Heights,40.66612,-73.93696,Shared room,20,1,1,,,1,0,1,1,
32384354,Shared Room - All Female - Great Roommates!,107180958,Sarah & John @ Bedly,Brooklyn,Crown Heights,40.67652,-73.94016,Shared room,26,15,2,5/31/2019,0.59,2,23,3,1.5,
32384721,Shared Room: All Male - Coed Apt-Great Roommates,107180958,Sarah & John @ Bedly,Brooklyn,Crown Heights,40.67692,-73.94038,Shared room,26,20,2,5/13/2019,0.75,2,49,3,1.5,
30999358,Living room at prime location,96379433,Satish,Brooklyn,Sunset Park,40.65924,-73.99685,Shared room,22,1,5,1/14/2019,0.81,2,0,7.5,1.5,
11059197,Clean and warm room in Flushing,57398859,Sean,Queens,Flushing,40.76726,-73.81217,Private room,27,1,1,,,1,0,1,1,
21292185,Great shared room / Best price high quality!,17706542,Sergey,Brooklyn,Bushwick,40.69731,-73.90824,Shared room,29,30,2,12/19/2018,0.1,6,324,3,1.5,
21304320,Best Coliving space ever! Shared room.,101970559,Sergii,Brooklyn,Bushwick,40.69166,-73.90928,Shared room,50,30,5,5/24/2019,0.26,6,139,7.5,1.5,
21659073,Great shared apartm in the heart of Bushwick,146345538,Sergii,Brooklyn,Bushwick,40.69168,-73.9132,Shared room,28,30,5,10/27/2018,0.25,5,281,7.5,1.5,
22258432,Awesome designed shared room in beautiful Coliving,146345538,Sergii,Brooklyn,Bushwick,40.69329,-73.91328,Shared room,15,30,3,7/14/2018,0.16,5,344,4.5,1.5,
21291569,Coliving in Brooklyn! Modern design  Shared room,101970559,Sergii,Brooklyn,Bushwick,40.69211,-73.9067,Shared room,50,30,2,6/22/2019,0.11,6,333,3,1.5,
15435714,A calm & peaceful spot to relax in the buzzing NYC,57696968,Shapel,Queens,South Ozone Park,40.67711,-73.8054,Private room,29,1,73,8/12/2018,2.2,1,0,270.1,3.7,
14945585,Furnished Room with spacious backyard,94039418,Shawn,Brooklyn,Bushwick,40.69251,-73.92478,Private room,25,2,1,9/12/2016,0.03,1,0,1.5,1.5,
5749147,Quiet Attic Room for Single Female Traveler,860636,Shawn(Ta),Bronx,Tremont,40.84061,-73.88858,Private room,30,3,11,10/2/2018,0.45,3,0,16.5,1.5,
32493281,Cozy Bed in  Musician housing  (4/20 friendly),136943521,Shemar,Brooklyn,Bushwick,40.69501,-73.91125,Shared room,30,1,11,6/16/2019,2.34,1,157,16.5,1.5,
23105516,NO EXTRA FEES NO MIN. NITES:  1.5 blocks to train,82889379,Shera,Bronx,Woodlawn,40.8987,-73.86389,Private room,29,1,81,6/9/2019,4.93,4,192,299.7,3.7,
17224372,Friendly Room 20-202,115993835,Shimin,Brooklyn,Sunset Park,40.63992,-74.0076,Private room,28,1,31,3/10/2019,1.08,5,1,77.5,2.5,
17225037,Private Room20-102,115993835,Shimin,Brooklyn,Sunset Park,40.63929,-74.00669,Private room,30,1,27,4/1/2019,1.64,5,168,67.5,2.5,
27935946,Cozy room 20-101,115993835,Shimin,Brooklyn,Sunset Park,40.64021,-74.00867,Private room,29,1,18,4/27/2019,1.73,5,0,27,1.5,
28670432,X 20-203,115993835,Shimin,Brooklyn,Sunset Park,40.64036,-74.00822,Private room,26,1,13,4/12/2019,1.36,5,141,19.5,1.5,
28833210,Bright Room 20-203,115993835,Shimin,Brooklyn,Sunset Park,40.63867,-74.00681,Private room,29,1,12,4/3/2019,1.37,5,66,18,1.5,
17501131,Artist Home 5 minute walk to Metro 30min from JFK,16356565,Shirley,Brooklyn,Flatbush,40.63356,-73.95073,Shared room,30,3,27,6/24/2019,1.25,2,1,67.5,2.5,
30441377,Great access/2min U can use 5 lines(EFMR7),200239515,Shogo,Queens,Woodside,40.74652,-73.89154,Private room,28,28,1,,,15,0,1,1,
6301965,Beautiful SoHo Loft,655506,Silvia,Manhattan,SoHo,40.7234,-73.99967,Entire home/apt,16,3,3,1/8/2018,0.16,1,0,4.5,1.5,
26431251,Captain's Cabin 001/Apmnt like,137999892,Simranjeet,Staten Island,Concord,40.60531,-74.08893,Private room,30,4,16,7/1/2019,1.3,7,334,24,1.5,
26431441,Captains Cabin 002/Apmnt like,137999892,Simranjeet,Staten Island,Concord,40.60697,-74.08765,Private room,30,4,11,7/6/2019,0.99,7,337,16.5,1.5,
23670513,Nice place for ladies only,177161276,Sissy,Bronx,Olinville,40.88455,-73.86587,Shared room,26,1,10,3/7/2019,0.67,1,312,15,1.5,
30590921,Feels Like Home Near JFK and LGA,16608415,Smidty,Brooklyn,East New York,40.66745,-73.89217,Private room,25,1,25,6/26/2019,3.61,3,211,62.5,2.5,
22925367,Couch with breakfast included and a view!,37818581,Sofia,Manhattan,East Harlem,40.80228,-73.93903,Shared room,30,1,30,6/1/2018,1.72,4,0,75,2.5,
22658582,Comfy couch in Manhattan!,37818581,Sofia,Manhattan,East Harlem,40.8024,-73.93735,Shared room,30,1,17,5/25/2018,0.94,4,0,25.5,1.5,
32786180,Comfortable private single room (Queens),234393604,Sol,Queens,Middle Village,40.71474,-73.89931,Private room,28,1,21,6/19/2019,6.49,1,14,52.5,2.5,
22637100,Private room in Queens Ny # 1,158540605,Sonia,Queens,Glendale,40.70099,-73.89034,Private room,25,1,101,7/4/2019,5.59,6,216,434.3,4.3,
22206207,Private room with visit to queens #4,158540605,Sonia,Queens,Glendale,40.69916,-73.8892,Private room,25,1,95,7/5/2019,6.18,6,258,351.5,3.7,
22636785,Private room with visit to queens # 2,158540605,Sonia,Queens,Glendale,40.70148,-73.88954,Private room,25,2,75,6/23/2019,4.29,6,254,277.5,3.7,
23505645,Private room with Visit queens #5,158540605,Sonia,Queens,Glendale,40.69987,-73.88952,Private room,30,2,57,7/1/2019,3.54,6,254,210.9,3.7,
32942632,Jackson Heights coziest private room,229637274,Sonia,Queens,Elmhurst,40.74642,-73.88044,Private room,30,1,15,7/3/2019,4.84,2,135,22.5,1.5,
35606165,Luggage storage only No Beds Available.,267872829,Sonya,Brooklyn,Fort Hamilton,40.61819,-74.03296,Shared room,20,1,1,6/27/2019,1,1,353,1.5,1.5,
16146834,Your cozy and comfy space near 7 train,17638424,Sophie,Queens,Elmhurst,40.74658,-73.87358,Private room,30,1,106,6/30/2019,3.36,8,142,455.8,4.3,
36101190,Flushing Hideout,30839692,Stavros,Queens,Flushing,40.75406,-73.80613,Shared room,25,1,1,6/30/2019,1,3,86,1.5,1.5,
20014072,Room for one at Stella's place,15617507,Stella,Bronx,Morris Park,40.85145,-73.86129,Private room,29,1,53,1/19/2019,2.65,3,137,196.1,3.7,
23429757,Peaceful Bushwick Apartment,41105459,Stephanie,Brooklyn,Bushwick,40.69029,-73.90623,Shared room,29,1,3,4/1/2018,0.18,1,0,4.5,1.5,
2036105,Private room  D,10384906,Susan,Brooklyn,Dyker Heights,40.6283,-74.01608,Private room,30,1,67,1/22/2019,0.99,5,150,247.9,3.7,
16811364,Queen Sized Bed Townhouse Apartment Near Subway,102482048,Susy,Brooklyn,Bushwick,40.6821,-73.90856,Private room,30,2,54,6/14/2019,1.87,4,179,199.8,3.7,
33632933,Comfy and quiet bed for women travelers,224150,Svetlana,Brooklyn,Midwood,40.61489,-73.94541,Shared room,26,2,5,5/10/2019,1.83,1,0,7.5,1.5,
35612982,Luggage drop off ONLY! Close to LGA & JFK,108512889,Syed,Queens,Sunnyside,40.73954,-73.92095,Shared room,12,1,1,,,1,359,1,1,
33664163,A Living Room,199833548,Syeda,Queens,Briarwood,40.70579,-73.81001,Shared room,30,1,10,6/11/2019,4.05,9,361,15,1.5,
16394179,Private Bedroom + Shared House,101809002,Tak,Brooklyn,Brownsville,40.65958,-73.91113,Private room,28,1,7,3/1/2017,0.23,1,0,10.5,1.5,
4519764,Private Space in Manhattan 8/25-9/9,16310013,Tan,Manhattan,Washington Heights,40.85181,-73.93824,Private room,29,7,1,,,1,0,1,1,
1428154,Central Peaceful Semi-Private Room,5912572,Tangier,Brooklyn,Flatbush,40.63899,-73.95177,Shared room,29,2,5,10/20/2014,0.07,1,321,7.5,1.5,
22305350,Bright clean private room in good neighborhood,335016,Theresa,Brooklyn,Bushwick,40.70398,-73.92403,Private room,29,2,7,8/13/2018,0.38,1,0,10.5,1.5,
8662610,Private Room - BedStuy - 2 Flr Unit,45513630,Thomas,Brooklyn,Bedford-Stuyvesant,40.69492,-73.94485,Private room,25,2,1,11/12/2015,0.02,1,0,1.5,1.5,
15966074,Evergreen Upper Bed for Female Traveler,101491116,Tong,Brooklyn,Cypress Hills,40.68313,-73.87077,Shared room,19,2,76,6/20/2019,2.4,6,120,281.2,3.7,
15888899,Evergreen Cozy Bed for Female Travelers,101491116,Tong,Brooklyn,Cypress Hills,40.6825,-73.87165,Shared room,25,1,64,6/3/2019,2.02,6,0,236.8,3.7,
28135693,"Girls House - ""Azalea"" Loft Upper Bed",101491116,Tong,Brooklyn,Cypress Hills,40.68385,-73.87088,Shared room,25,1,26,6/30/2019,2.57,6,23,65,2.5,
28136026,"Girls House - ""Bauhinia"" Lower Bed ",101491116,Tong,Brooklyn,Cypress Hills,40.68217,-73.8723,Shared room,25,1,25,6/19/2019,2.52,6,2,62.5,2.5,
28134807,"Girls House -  ""Dandelion"" Single Bed",101491116,Tong,Brooklyn,Cypress Hills,40.68276,-73.8708,Shared room,25,4,19,6/26/2019,1.91,6,16,28.5,1.5,
4265471,Ladies Shared Dorm Room (Top Bunk),3294438,Torell,Brooklyn,Bedford-Stuyvesant,40.68676,-73.95801,Shared room,30,2,13,7/1/2019,0.37,3,339,19.5,1.5,
33422954,Spacious Studio,251781156,Trinize,Bronx,Tremont,40.84581,-73.8889,Shared room,25,2,5,7/1/2019,1.6,1,146,7.5,1.5,
23729711,Quiet and Secluded Bedroom in East Harlem,3734637,Ty,Manhattan,East Harlem,40.79068,-73.94461,Private room,30,1,15,4/30/2018,0.94,3,0,22.5,1.5,
22245972,Bed in shared room in Crown Heights,162554140,Tzvi,Brooklyn,Prospect-Lefferts Gardens,40.66208,-73.9443,Shared room,22,14,1,,,1,0,1,1,
19475130,Private Bedroom in a Prewar Brownstone,136646834,Val,Manhattan,Washington Heights,40.83587,-73.93734,Private room,28,2,19,1/17/2018,0.78,1,0,28.5,1.5,
19197129,Best CoLiving next to Bushwick!,134293540,Valentin,Queens,Ridgewood,40.70508,-73.90217,Shared room,26,31,5,5/4/2018,0.22,4,365,7.5,1.5,
22349506,Shared room in nice surroundings in Ridgewood!!,134293540,Valentin,Queens,Ridgewood,40.70615,-73.90367,Shared room,27,31,5,7/6/2018,0.27,4,6,7.5,1.5,
19196911,Beautiful shared room in Modern CoLiving space,134293540,Valentin,Queens,Ridgewood,40.7061,-73.9115,Shared room,27,30,4,9/30/2018,0.18,4,6,6,1.5,
16805050,!!!Living&Working. Beautiful Coliving on Flatbush,2092314,Valentin,Brooklyn,East Flatbush,40.64513,-73.9488,Shared room,28,30,3,6/20/2018,0.13,7,365,4.5,1.5,
16852728,!!! Outpost Coliving . Shared twin room,2092314,Valentin,Brooklyn,East Flatbush,40.65024,-73.95051,Shared room,26,30,2,4/30/2018,0.09,7,365,3,1.5,
16822398,!!!Co-Housing taken to the Next Level /Flatbush/2,2092314,Valentin,Brooklyn,East Flatbush,40.64471,-73.9495,Shared room,20,30,1,8/10/2018,0.09,7,365,1.5,1.5,
16834485,! ! ! Coliving: live work create,2092314,Valentin,Brooklyn,East Flatbush,40.65151,-73.94957,Shared room,22,30,1,,,7,365,1,1,
16837628,Outpost Coliving. Great shared apartment Flatbush,2092314,Valentin,Brooklyn,East Flatbush,40.64136,-73.94705,Shared room,27,30,1,,,7,365,1,1,
16835493,!!!Outpost Coliving . Flatbush. Cozy shared room,2092314,Valentin,Brooklyn,Flatbush,40.64476,-73.96473,Shared room,28,30,1,,,7,365,1,1,
16625310,Lovely BedStuy apartment w/ young professionals.,6025804,Vero,Brooklyn,Bedford-Stuyvesant,40.6849,-73.9289,Private room,29,1,1,,,1,0,1,1,
14475417,Best â€œH.P TWIN Bedâ€ 5 mins to LGA airport &US OPEN,32446721,Veronica,Queens,Corona,40.74889,-73.86489,Shared room,27,1,16,6/28/2019,0.71,6,364,24,1.5,
2459916,$455 Cozy 1bd BKLYN Sublet March,12577771,Victor,Brooklyn,Bedford-Stuyvesant,40.68948,-73.93528,Private room,18,1,1,,,1,0,1,1,
34785397,Artist Room Cozy Crown Heights,230698955,Victoria,Brooklyn,Crown Heights,40.67146,-73.93483,Private room,29,5,1,5/31/2019,0.75,2,0,1.5,1.5,
21869057,Spacious 2-bedroom Apt in Heart of Greenpoint,11967922,Vishanti & Jeremy,Brooklyn,Greenpoint,40.72421,-73.95364,Entire home/apt,10,1,93,7/1/2019,4.73,1,32,344.1,3.7,
17604613,Living Room Space In NYC,29893675,Wendell,Manhattan,Harlem,40.82432,-73.9385,Shared room,25,1,9,10/22/2017,0.32,2,0,13.5,1.5,
13392143,Astoria: 2 Weeks July 1st - 14th,39175915,Wesley,Queens,Ditmars Steinway,40.77643,-73.91364,Private room,29,14,1,,,1,0,1,1,
25355282,Bed Available in Brooklyn,26996515,Will,Brooklyn,Bedford-Stuyvesant,40.68878,-73.92857,Shared room,30,1,21,9/30/2018,1.6,2,0,52.5,2.5,
30319473,Amazing Convenient Cozy Room (girl preferred),47227131,Xiao,Brooklyn,Sunset Park,40.64456,-74.00839,Private room,28,10,1,1/3/2019,0.16,1,0,1.5,1.5,
31393901,New apt so I have the basic things for the moment.,234905483,Yerriz,Bronx,Mount Hope,40.8461,-73.90883,Private room,30,2,14,6/1/2019,3.28,1,176,21,1.5,
14480047,Private Bedroom in Prime Bay Ridge Close to Subway,22565253,Yinny,Brooklyn,Fort Hamilton,40.61819,-74.03047,Private room,30,3,23,5/27/2019,0.66,4,211,57.5,2.5,
20980756,Kosher Basement Apt. for men in Crown Heights,145858413,Yosef,Brooklyn,Crown Heights,40.66423,-73.94047,Private room,25,7,1,,,1,0,1,1,
33112368,Ysa's room,249243301,Ysa,Bronx,Mount Hope,40.8477,-73.90988,Private room,24,2,2,5/1/2019,0.68,1,0,3,1.5,
14138066,Mediterranean Style Charmer 20 mins to Manhattan,35910781,Zafir,Queens,Jackson Heights,40.74935,-73.88332,Shared room,23,1,1,,,1,0,1,1,
13480134,cosy room with all confort,51329030,Zakaria,Bronx,Longwood,40.82716,-73.89911,Private room,30,1,11,11/18/2016,0.3,1,0,16.5,1.5,
12422777,Large room in 3 bedroom apartment,26819014,Zuri,Brooklyn,Cypress Hills,40.67893,-73.89423,Private room,25,1,1,,,1,0,1,1,
7556587,Sunny Room in Harlem,39608626,,Manhattan,Harlem,40.82929,-73.94182,Private room,28,1,1,8/1/2015,0.02,1,0,1.5,1.5,
